bound_set,R0_target,start,R0_check,loss_total,loss_post,loss_early,seed_val,cpa,cpb,s_min,r_base,r_off,esc_off,stag_b,seed,cpa_at_bound,cpb_at_bound,s_min_at_bound,r_base_at_bound,r_off_at_bound,esc_off_at_bound,stag_b_at_bound,seed_at_bound,n_params_at_bound,tru_none,tru_actual,tru_early,tru_late,tru_rule,tru_none_x,tru_early_x,tru_late_x,tru_rule_x
tight,1.24,0,1.24,0.141,0.1405,0.0005,0.0002014,0.7025029073832841,0.6279547678484445,0.4286355402906756,0.20603565026579945,8.759254805300124,13.003093859645505,1.9571259577081408,0.0002013989714910509,False,False,False,False,False,False,False,False,0,107373,12457,8961,17187,6824,8.619,0.719,1.38,0.548
tight,1.24,1,1.24,1.2731,1.179,0.094,0.0001,0.6833173611024683,0.9,0.95,0.9,5.0,20.0,0.5,0.00010000000000000009,False,True,True,True,True,True,True,True,7,30435,17171,14404,26157,12863,1.772,0.839,1.523,0.749
tight,1.24,2,1.24,1.0204,0.6163,0.4041,0.0003035,0.4962442922724648,0.37214198990830794,0.8996699957051537,0.11299349780925327,15.964535603183872,6.903280411452078,2.9837026373764677,0.0003035039735661983,False,False,False,False,False,False,False,False,0,59835,19330,15734,26357,13587,3.095,0.814,1.364,0.703
tight,1.5,0,1.5,0.2104,0.21,0.0004,0.0001349,0.57452833400958,0.7846182787846738,0.3510374775541394,0.17800196185234557,6.7769985814393365,13.022867160478285,3.6683324562765547,0.0001349358624030513,False,False,True,False,False,False,False,False,1,497222,13189,8566,21164,5074,37.701,0.65,1.605,0.385
tight,1.5,1,1.5,1.1435,1.1435,0.0,0.0001001,0.5001711741410544,0.2948616507223517,0.7352235199984294,0.5097200655171307,12.177576546984401,7.633063500580695,1.4177765832659577,0.0001000801261823832,False,False,False,False,False,False,False,True,1,205201,21265,14080,33858,9949,9.65,0.662,1.592,0.468
tight,1.5,2,1.5,2.1773,1.4631,0.7143,0.0001001,0.5579483959492445,0.24493134649306234,0.8572864385881686,0.10058091701550056,15.50008383429929,7.888503024235314,3.0011599069588017,0.00010010987500472436,False,False,False,True,False,False,False,True,2,159310,25488,16945,42414,12433,6.25,0.665,1.664,0.488
tight,2.0,0,2.0,16.1315,16.1311,0.0003,0.0001,0.1,0.10088315650595399,0.35000000000183723,0.10941101878469343,7.783378434162621,12.851836946507792,0.50029677957425,0.00010000733229647317,True,True,True,False,False,False,True,True,5,3989140,75318,41820,141949,20292,52.964,0.555,1.885,0.269
tight,2.0,1,2.0,2.34,1.9052,0.4348,0.0001,0.5056888218268969,0.14158863916271663,0.3501625287625461,0.10417099180811883,17.622282211138184,19.996095192963722,0.5121808473477809,0.00010000000000000009,False,False,True,False,False,True,False,True,3,2899721,27114,12461,64706,5102,106.947,0.46,2.386,0.188
tight,2.0,2,2.0,1.2337,0.676,0.5576,0.0001001,0.5874048077517409,0.276682984677362,0.35102368629850383,0.10000009842201542,15.35387034950916,6.100552322774443,2.6175776965050455,0.00010014020875299078,False,False,True,True,False,False,False,True,3,2300492,18244,8324,43717,3590,126.093,0.456,2.396,0.197
tight,2.5,0,2.5,3472.958,3384.8428,88.1152,0.0001138,0.10000000103592346,0.8518553578225494,0.35000001826044935,0.8945373533358352,7.792423013551698,12.999918782230484,0.7558191977804267,0.00011380587107304545,True,False,True,True,False,False,False,False,3,6754365,943719,530788,1676175,240741,7.157,0.562,1.776,0.255
tight,2.5,1,2.5,8730.2202,8729.2751,0.945,0.0001005,0.5000139730087771,0.30597760228825593,0.599034395527624,0.3035788853491107,11.989408170104824,9.948345977810549,1.9911527005835312,0.00010054271333682734,False,False,False,False,False,False,False,True,1,4720055,1342060,774760,2088485,401044,3.517,0.577,1.556,0.299
tight,2.5,2,2.5,68.8569,68.5483,0.3086,0.0001,0.43608149087132564,0.16298592901696018,0.3500705563323929,0.10000015262948705,19.08500861541131,6.360775439759692,2.403469290787363,0.00010000000000634665,False,False,True,True,False,False,False,True,3,3497564,124756,55928,361702,19865,28.035,0.448,2.899,0.159
tight,3.0,0,3.0,50414.1356,50390.3808,23.7548,0.0001001,0.1,0.16932449796783483,0.35,0.10001026112402214,5.026637883610596,12.986710752572728,1.1513939299349676,0.00010010301644195228,True,False,True,True,True,False,False,True,5,8178010,3139547,2429982,3791543,1507128,2.605,0.774,1.208,0.48
tight,3.0,1,3.0,10789.5288,10726.5689,62.9599,0.0001,0.4911165869512969,0.8999765607846105,0.35089851937887595,0.896574224626161,16.81702631204775,11.349438141516774,0.504129263835599,0.00010000000165868982,False,True,True,True,False,False,True,True,5,6854571,1171528,496678,2282934,153749,5.851,0.424,1.949,0.131
tight,3.0,2,3.0,3453.0524,3452.9958,0.0565,0.0001,0.45137502676392194,0.11077236641961756,0.350660031730415,0.10000836681313469,18.78587850974675,11.421967723834484,2.5557190845092115,0.00010000318664462124,False,False,True,True,False,False,False,True,3,4259319,848802,389794,1630203,129723,5.018,0.459,1.921,0.153
baseline,1.24,0,1.24,0.8311,0.7616,0.0695,5.99e-05,0.8680824069087372,0.24095337453616988,0.6484779169812107,0.8717781570082375,8.821189847159056,12.607855829063217,1.5972434796751949,5.9897523508257685e-05,False,False,False,False,False,False,False,False,0,36538,14305,10514,22514,8689,2.554,0.735,1.574,0.607
baseline,1.24,1,1.24,0.2079,0.2078,0.0001,0.0003547,0.5000000000000001,0.19964172794788188,0.6193661838960964,0.21217881409498923,12.466803885546955,8.8595875506486,2.0470380593514603,0.00035465534246158166,False,False,False,False,False,False,False,False,0,95101,14543,10884,19539,8573,6.539,0.748,1.344,0.59
baseline,1.24,2,1.24,1.0187,0.5453,0.4734,0.0002497,0.57151169800733,0.5503588966734922,0.9035602242272862,0.11615909893805086,15.670414647548482,6.279196102542707,2.3866248836565265,0.0002497457562214306,False,False,False,False,False,False,False,False,0,50983,17288,13708,24214,11981,2.949,0.793,1.401,0.693
baseline,1.5,0,1.5,0.8488,0.7929,0.0558,4.319e-05,0.865274179281784,0.3308186303028646,0.44352136737660974,0.8650775040350871,9.048700477248342,12.68484409018438,2.108945294826104,4.319495846014426e-05,False,False,False,False,False,False,False,False,0,203314,14295,8696,26148,5463,14.223,0.608,1.829,0.382
baseline,1.5,1,1.5,0.729,0.6846,0.0444,0.0001534,0.5000000000000002,0.3103653643148647,0.6141633983231027,0.2704780175200819,11.894216408104812,9.069406972709576,2.068391957832992,0.00015343455153867653,False,False,False,False,False,False,False,False,0,320908,19532,12680,32958,8494,16.43,0.649,1.687,0.435
baseline,1.5,2,1.5,3.1897,2.5012,0.6884,0.0001108,0.3198404207000046,0.24579758841519594,0.8508903742579688,0.1002226397329769,15.085010288395637,7.091779792712646,2.9405131468435495,0.00011077990571886786,False,False,False,False,False,False,False,False,0,187213,36103,27109,51804,22448,5.186,0.751,1.435,0.622
baseline,2.0,0,2.0,0.8599,0.8259,0.034,2.323e-05,0.8262806938054603,0.235614910616482,0.28572180448048257,0.8582397915903425,8.9775165064653,12.373349840888064,2.0550533895170826,2.3227694536034645e-05,False,False,False,False,False,False,False,False,0,2412935,15179,6704,40365,2660,158.961,0.442,2.659,0.175
baseline,2.0,1,2.0,3.1885,2.7178,0.4707,2.512e-05,0.5000000000000001,0.3281033973788688,0.5818262954162882,0.3452794441010549,12.047873879640768,8.827585604307027,1.9787418644677461,2.511545055726675e-05,False,False,False,False,False,False,False,False,0,1705399,34991,17536,75037,9031,48.738,0.501,2.144,0.258
baseline,2.0,2,2.0,0.6328,0.6324,0.0003,4.194e-05,0.9485717154408774,0.05000000087772245,0.20154696709638173,0.8999999999999666,24.102198656300963,5.493685597622637,6.501806078760651,4.194238442338846e-05,True,True,True,True,False,False,False,False,4,1823586,14248,6243,38140,2662,127.988,0.438,2.677,0.187
baseline,2.5,0,2.5,1.1329,1.1279,0.005,1.153e-05,0.712798855957234,0.3009773908554818,0.2474022145460308,0.8580494917254329,10.564929558389021,12.407540849704517,1.9303240008373321,1.1527458743174991e-05,False,False,False,False,False,False,False,False,0,4555300,18402,5320,63084,1723,247.54,0.289,3.428,0.094
baseline,2.5,1,2.5,5.863,5.2162,0.6468,3.326e-06,0.5000000000000002,0.07418307071426702,0.512864531646184,0.770170447258882,20.27243625931388,10.9967314277241,0.9127468274139141,3.325849629997813e-06,False,False,False,False,False,False,False,False,0,3239761,45774,18944,118848,7782,70.778,0.414,2.596,0.17
baseline,2.5,2,2.5,3.159,3.1464,0.0125,3.126e-05,0.28674122346089614,0.14787824110004966,0.2956529288384727,0.6238248936194727,15.745801027304486,6.217512992741575,2.7637821907717472,3.125603026617762e-05,False,False,False,False,False,False,False,False,0,3390004,35221,13953,93656,4875,96.25,0.396,2.659,0.138
baseline,3.0,0,3.0,1.8802,1.7927,0.0875,3.494e-06,0.6754998000007858,0.3121805334584074,0.22130309137359194,0.8628413002621799,11.293991482123339,12.087531527785792,1.8691375761128206,3.4941466945620503e-06,False,False,False,False,False,False,False,False,0,6321609,23460,5854,108055,1401,269.458,0.25,4.606,0.06
baseline,3.0,1,3.0,6.9515,5.9693,0.9822,1e-06,0.4999999999999957,0.05000000000000001,0.34682399844001655,0.05043161904260521,24.999999999999986,23.99999999999562,6.8,1.0000000000000004e-06,False,True,False,True,True,True,True,True,6,4071978,40387,12256,144201,3791,100.824,0.303,3.57,0.094
baseline,3.0,2,3.0,1.9957,1.5658,0.4299,3.422e-06,0.82102813455566,0.3291177684503697,0.22129828195276843,0.8248879641288233,16.658000186747806,7.454019259900542,2.8094105936005302,3.4218888473233744e-06,False,False,False,False,False,False,False,False,0,3457898,19153,4442,96779,1095,180.545,0.232,5.053,0.057
baseline,3.5,0,3.5,4.5736,4.4367,0.1369,1.005e-06,0.49732068349957753,0.08617483037161314,0.20259284886988943,0.8971449361907098,7.564879870900902,16.48490962571429,0.20591624005003104,1.0046691484260817e-06,False,False,False,True,False,False,False,True,2,7857058,49042,10450,240708,2701,160.211,0.213,4.908,0.055
baseline,3.5,1,3.5,4.9746,4.0032,0.9714,1e-06,0.4999999999999661,0.95,0.2456407755992212,0.05000000000000001,24.999999703427186,5.208677178477972,6.8,1.0000000000000004e-06,False,True,False,True,True,True,True,True,6,5211400,38976,9184,178097,2219,133.707,0.236,4.569,0.057
baseline,3.5,2,3.5,2.9471,1.9924,0.9547,1.215e-06,0.729118419587389,0.0542267778166084,0.2,0.050000000001270674,24.303088168149767,5.20013748079677,1.0109847043320523,1.2152219063478782e-06,False,False,True,True,False,True,False,False,3,3629731,24201,4496,146634,961,149.986,0.186,6.059,0.04
baseline,4.0,0,4.0,88.8302,88.8287,0.0015,1e-06,0.5198400021154881,0.07043783116525529,0.2001154026620169,0.8999900448255584,24.91180946448509,6.313144480521963,0.7907787774939619,1.0000029315026214e-06,False,False,True,True,True,False,False,True,4,8253314,192490,37001,899737,7953,42.877,0.192,4.674,0.041
baseline,4.0,1,4.0,11.3027,10.3462,0.9565,1e-06,0.49999999999999434,0.05001273480076788,0.20020383433139077,0.05000000070392561,24.44100653822027,9.769494408880547,6.799881905376708,1.0000000001358598e-06,False,True,True,True,False,False,True,True,5,7613698,86995,16189,440074,3133,87.519,0.186,5.059,0.036
baseline,4.0,2,4.0,38.4674,37.5392,0.9282,1.348e-06,0.4245509502208425,0.8525579059466728,0.20000000003409146,0.050000000000585756,19.026923240407285,15.4229155575727,2.244929460623537,1.3476846910037995e-06,False,False,True,True,False,False,False,False,2,4221374,162490,38351,688582,8275,25.979,0.236,4.238,0.051
baseline,4.5,0,4.5,1677.6047,1677.0606,0.5441,1e-06,0.54703975859959,0.05000214211285561,0.20000000000018922,0.8936035966290017,24.999829632392807,5.278461168382323,0.2912269279234493,1.0000000000000004e-06,False,True,True,True,True,False,False,True,5,8268637,757352,154301,2272204,27988,10.918,0.204,3.0,0.037
baseline,4.5,1,4.5,323.3683,323.2555,0.1128,1e-06,0.5000000000000046,0.95,0.20000020870434698,0.8999999996033077,24.88795215348647,5.2,6.799999996823721,1.0000000000000004e-06,False,True,True,True,True,True,True,True,7,7901475,382660,70955,1446494,11892,20.649,0.185,3.78,0.031
baseline,4.5,2,4.5,881.0213,880.1936,0.8277,1.957e-06,0.6831526908309932,0.07300758385960719,0.200000000038628,0.0615157125633476,13.42712282417275,5.413427386053418,2.558522969442547,1.956519141449246e-06,False,False,True,False,False,False,False,False,1,6552303,396399,76327,1399511,11528,16.53,0.193,3.531,0.029
loose,1.24,0,1.24,0.7491,0.6902,0.0589,7.303e-05,0.9231479832124126,0.19938365480520118,0.4758985546296719,0.7189996289337639,7.533290606098666,14.095794838926665,2.1535610582493216,7.303437960269263e-05,False,False,False,False,False,False,False,False,0,48622,13908,10001,20702,7832,3.496,0.719,1.489,0.563
loose,1.24,1,1.24,0.1196,0.1188,0.0008,0.0003744,0.5005901511079709,0.585254803445832,0.5516780271770343,0.19380282487013778,13.437051845082426,5.012529291236401,2.2121301807628964,0.0003744413944538857,False,False,False,False,False,False,False,False,0,94535,13210,9998,17786,8154,7.156,0.757,1.346,0.617
loose,1.24,2,1.24,0.927,0.6985,0.2285,0.0003745,0.3555530817251346,0.29942946465476494,0.8486033091415309,0.13283693768934104,14.977713752748144,9.138389075811691,3.1103619386696004,0.0003745372847415844,False,False,False,False,False,False,False,False,0,73503,21672,17751,28261,15403,3.392,0.819,1.304,0.711
loose,2.0,0,2.0,1.1596,1.156,0.0036,1.739e-05,0.7731990049799422,0.31181237547106794,0.3762291545914329,0.8619025797661087,8.831537060730218,12.96898077272818,1.800155007360413,1.738867566884639e-05,False,False,False,False,False,False,False,False,0,2092568,17658,7737,46713,3279,118.508,0.438,2.645,0.186
loose,2.0,1,2.0,3.5132,2.9619,0.5513,2.367e-05,0.5000549472199068,0.2926554362009037,0.599498359203047,0.2982660376781707,11.961649500217211,9.825613646464916,1.945041522772714,2.3665250997901877e-05,False,False,False,False,False,False,False,False,0,1640608,37514,19484,79824,10027,43.733,0.519,2.128,0.267
loose,2.0,2,2.0,0.1277,0.1272,0.0005,0.0003086,0.8486621865438896,0.03982324647141683,0.08408398555579943,0.1488138689887101,13.473949600189375,19.442406663102144,2.6258884040881583,0.00030859218599610996,False,False,False,False,False,False,False,False,0,2896025,12024,5370,28021,1267,240.85,0.447,2.33,0.105
loose,3.0,0,3.0,3.1277,2.5556,0.5721,1.313e-10,0.7760091125193989,0.17158080358840064,0.27776292245318657,0.860660437280642,5.074508575232837,12.042179820211093,1.5897235353187464,1.3134211543358416e-10,False,False,False,False,False,False,False,False,0,4045012,22886,5426,117690,1715,176.747,0.237,5.142,0.075
loose,3.0,1,3.0,0.033,0.0328,0.0002,8.848e-05,0.5054043765715652,0.7836733076823326,0.055821128198156114,0.021727797291560547,5.516984722117091,5.015689132443793,0.5343790583623323,8.847824754431509e-05,False,False,False,False,False,False,False,False,0,6736440,11743,3332,45238,483,573.651,0.284,3.852,0.041
loose,3.0,2,3.0,0.6216,0.1265,0.4951,0.0001068,0.41629448453086965,0.9177004422414067,0.07886549365832089,0.04361237238144,13.543428741643895,7.036392104510435,2.6606998246541065,0.00010675532969186793,False,False,False,False,False,False,False,False,0,4239675,13715,4114,56399,819,309.116,0.3,4.112,0.06
loose,4.0,0,4.0,3211.277,3211.2639,0.0131,4.075e-07,0.7863236101220731,0.2622702275133883,0.3504483730623419,0.8476431016087983,8.277462593961156,12.687982848020123,1.9329709260500223,4.0752921168265566e-07,False,False,False,False,False,False,False,False,0,8190866,780914,524780,3195884,122261,10.489,0.672,4.092,0.157
loose,4.0,1,4.0,1.0454,1.0331,0.0123,9.231e-06,0.5036122768532598,0.3476949945562182,0.09211630359238429,0.40070288052126524,5.560765682110733,6.281929055695487,1.2513853354825784,9.23085263353768e-06,False,False,False,False,False,False,False,False,0,8029071,20737,3221,142893,340,387.185,0.155,6.891,0.016
loose,4.0,2,4.0,1.1025,0.2024,0.9001,2.986e-05,0.5599413798908194,0.13383736834591745,0.05141706542926646,0.010022757526758413,14.490660669543553,5.673626609229309,1.6901203334930983,2.985624762877493e-05,False,False,False,True,False,False,False,False,1,6864129,14113,2202,98546,189,486.386,0.156,6.983,0.013
loose,4.5,0,4.5,0.7227,0.7224,0.0003,1e-10,0.8736194501396047,0.2410458089855961,0.05410327796778356,0.9498490831207953,1.2793411396278438,5.189907657886478,0.696836011559968,1.0000000000002802e-10,False,False,False,True,False,False,False,True,2,8230026,14354,1603,149563,269,573.343,0.112,10.419,0.019
loose,4.5,1,4.5,5.5554,4.8515,0.7039,1e-10,0.49954144407111317,0.14772043615619887,0.14743807540556508,0.010012181577855933,1.3201954714389612,5.4211505331420256,0.393882760845895,1.0000011332319248e-10,False,False,False,True,False,False,False,True,2,6819849,38911,5542,280266,1099,175.268,0.142,7.203,0.028
loose,4.5,2,4.5,5.5437,4.5583,0.9853,2.378e-09,0.33188887111375115,0.18263067234127736,0.11061782017442084,0.010332674492895938,14.32034048775367,5.180936443211541,2.732289284846897,2.378015626295549e-09,False,False,False,False,False,False,False,False,0,4257802,40742,6117,270068,1269,104.508,0.15,6.629,0.031
loose,5.0,0,5.0,1.0445,0.8493,0.1952,1e-10,0.7373226820166516,0.9609110397881301,0.05185141261631782,0.9499906617821529,1.0235224988718243,9.387770272714274,1.3787931437663994,1.0000000000000316e-10,False,False,False,True,False,False,False,True,2,8255606,16301,1482,200721,222,506.453,0.091,12.314,0.014
loose,5.0,1,5.0,4.7027,4.1085,0.5941,1e-10,0.49758003323535527,0.010018583518552691,0.1050167259273247,0.01000000000649902,1.0028922178396062,6.620179696062866,0.05000134263652956,9.999999999999996e-11,False,True,False,True,True,False,True,True,5,8041095,35362,3811,315077,623,227.393,0.108,8.91,0.018
loose,5.0,2,5.0,1.7968,1.7872,0.0096,6.223e-06,0.17850646403020237,0.5671647902405491,0.050224928233974155,0.3358309797731834,12.487586688872979,24.399318938925017,4.408650620991862,6.222880527055541e-06,False,False,True,False,False,False,False,False,1,7621331,31488,3570,277200,270,242.038,0.113,8.803,0.009
loose,6.0,0,6.0,21043.3437,21035.414,7.9297,1e-10,0.9899998924971591,0.989451786599488,0.05000006066226483,0.9499979027694316,1.000001397218655,5.499997017702732,0.2725467019602812,9.999999999999996e-11,True,True,True,True,True,False,False,True,6,8269037,695260,52815,2797321,4300,11.893,0.076,4.023,0.006
loose,6.0,1,6.0,2.2299,2.2294,0.0005,2.5e-07,0.5080700738002697,0.02239592931751703,0.05196051061371983,0.6633923164151113,1.014163577414277,13.42404742215617,6.949792617113083,2.4998340947752165e-07,False,False,False,False,False,False,True,False,1,8267425,29298,1915,403790,165,282.183,0.065,13.782,0.006
loose,6.0,2,6.0,26.9622,26.9622,0.0,1e-10,0.010000001454910392,0.010197685935079099,0.05000000010735262,0.4328485791830122,12.24954478643071,12.500177062213696,1.4681354705680616,1.000000000000188e-10,True,False,True,False,False,False,False,True,3,7978180,141444,14139,878693,2056,56.405,0.1,6.212,0.015
