run_tag,source_file,solution_id,anchor_date,observed,model_cum,ratio_model_over_observed,replayed,note
hv2params_actual_1,foshan_hv2_params.json,centre_theta,2025-07-15,478.0,1876.4,3.925,True,"scope=shunde; early_anchor_in_calib=no; 11-elt theta + [L_ESC0,L_STAG0]; default ode_zone (seed 5e-4); R0 replay 1.278"
hv2params_actual_1,foshan_hv2_params.json,centre_theta,2025-07-18,1161.0,1996.4,1.72,True,"scope=shunde; early_anchor_in_calib=no; 11-elt theta + [L_ESC0,L_STAG0]; default ode_zone (seed 5e-4); R0 replay 1.278"
hv2params_actual_1,foshan_hv2_params.json,centre_theta,2025-07-19,1790.0,2035.0,1.137,True,"scope=shunde; early_anchor_in_calib=no; 11-elt theta + [L_ESC0,L_STAG0]; default ode_zone (seed 5e-4); R0 replay 1.278"
hv2params_actual_1,foshan_hv2_params.json,centre_theta,2025-07-20,2285.0,2073.8,0.908,True,"scope=shunde; early_anchor_in_calib=no; 11-elt theta + [L_ESC0,L_STAG0]; default ode_zone (seed 5e-4); R0 replay 1.278"
hv2params_actual_1,foshan_hv2_params.json,centre_theta,2025-07-21,2471.0,2116.5,0.857,True,"scope=shunde; early_anchor_in_calib=no; 11-elt theta + [L_ESC0,L_STAG0]; default ode_zone (seed 5e-4); R0 replay 1.278"
hv2params_actual_1,foshan_hv2_params.json,centre_theta,2025-07-26,4208.0,2482.0,0.59,True,"scope=shunde; early_anchor_in_calib=no; 11-elt theta + [L_ESC0,L_STAG0]; default ode_zone (seed 5e-4); R0 replay 1.278"
hv2params_actual_1,foshan_hv2_params.json,centre_theta,2025-07-19,1873.0,3240.6,1.73,True,"scope=city; early_anchor_in_calib=no; 11-elt theta + [L_ESC0,L_STAG0]; default ode_zone (seed 5e-4); R0 replay 1.278"
hv2params_actual_1,foshan_hv2_params.json,centre_theta,2025-07-21,2659.0,3354.6,1.262,True,"scope=city; early_anchor_in_calib=no; 11-elt theta + [L_ESC0,L_STAG0]; default ode_zone (seed 5e-4); R0 replay 1.278"
hv2params_actual_1,foshan_hv2_params.json,centre_theta,2025-07-22,3195.0,3422.2,1.071,True,"scope=city; early_anchor_in_calib=no; 11-elt theta + [L_ESC0,L_STAG0]; default ode_zone (seed 5e-4); R0 replay 1.278"
hv2params_actual_1,foshan_hv2_params.json,centre_theta,2025-07-24,4014.0,3591.1,0.895,True,"scope=city; early_anchor_in_calib=no; 11-elt theta + [L_ESC0,L_STAG0]; default ode_zone (seed 5e-4); R0 replay 1.278"
hv2params_actual_1,foshan_hv2_params.json,centre_theta,2025-07-26,4754.0,3800.5,0.799,True,"scope=city; early_anchor_in_calib=no; 11-elt theta + [L_ESC0,L_STAG0]; default ode_zone (seed 5e-4); R0 replay 1.278"
hv2params_actual_1,foshan_hv2_params.json,centre_theta,2025-08-02,7524.0,4709.7,0.626,True,"scope=city; early_anchor_in_calib=no; 11-elt theta + [L_ESC0,L_STAG0]; default ode_zone (seed 5e-4); R0 replay 1.278"
hv2params_actual_1,foshan_hv2_params.json,centre_theta,2025-08-09,8736.0,5703.2,0.653,True,"scope=city; early_anchor_in_calib=no; 11-elt theta + [L_ESC0,L_STAG0]; default ode_zone (seed 5e-4); R0 replay 1.278"
multistart_actual_1,foshan_hv2_multistart.json,kept_theta_1,2025-07-15,478.0,4467.4,9.346,True,scope=shunde; early_anchor_in_calib=no; 13-elt frozen; default ode_zone (seed 5e-4); R0 replay 1.124
multistart_actual_1,foshan_hv2_multistart.json,kept_theta_1,2025-07-18,1161.0,4662.6,4.016,True,scope=shunde; early_anchor_in_calib=no; 13-elt frozen; default ode_zone (seed 5e-4); R0 replay 1.124
multistart_actual_1,foshan_hv2_multistart.json,kept_theta_1,2025-07-19,1790.0,4722.2,2.638,True,scope=shunde; early_anchor_in_calib=no; 13-elt frozen; default ode_zone (seed 5e-4); R0 replay 1.124
multistart_actual_1,foshan_hv2_multistart.json,kept_theta_1,2025-07-20,2285.0,4779.4,2.092,True,scope=shunde; early_anchor_in_calib=no; 13-elt frozen; default ode_zone (seed 5e-4); R0 replay 1.124
multistart_actual_1,foshan_hv2_multistart.json,kept_theta_1,2025-07-21,2471.0,4834.9,1.957,True,scope=shunde; early_anchor_in_calib=no; 13-elt frozen; default ode_zone (seed 5e-4); R0 replay 1.124
multistart_actual_1,foshan_hv2_multistart.json,kept_theta_1,2025-07-26,4208.0,5118.9,1.216,True,scope=shunde; early_anchor_in_calib=no; 13-elt frozen; default ode_zone (seed 5e-4); R0 replay 1.124
multistart_actual_1,foshan_hv2_multistart.json,kept_theta_1,2025-07-19,1873.0,7278.9,3.886,True,scope=city; early_anchor_in_calib=no; 13-elt frozen; default ode_zone (seed 5e-4); R0 replay 1.124
multistart_actual_1,foshan_hv2_multistart.json,kept_theta_1,2025-07-21,2659.0,7435.2,2.796,True,scope=city; early_anchor_in_calib=no; 13-elt frozen; default ode_zone (seed 5e-4); R0 replay 1.124
multistart_actual_1,foshan_hv2_multistart.json,kept_theta_1,2025-07-22,3195.0,7510.6,2.351,True,scope=city; early_anchor_in_calib=no; 13-elt frozen; default ode_zone (seed 5e-4); R0 replay 1.124
multistart_actual_1,foshan_hv2_multistart.json,kept_theta_1,2025-07-24,4014.0,7661.0,1.909,True,scope=city; early_anchor_in_calib=no; 13-elt frozen; default ode_zone (seed 5e-4); R0 replay 1.124
multistart_actual_1,foshan_hv2_multistart.json,kept_theta_1,2025-07-26,4754.0,7812.3,1.643,True,scope=city; early_anchor_in_calib=no; 13-elt frozen; default ode_zone (seed 5e-4); R0 replay 1.124
multistart_actual_1,foshan_hv2_multistart.json,kept_theta_1,2025-08-02,7524.0,8331.2,1.107,True,scope=city; early_anchor_in_calib=no; 13-elt frozen; default ode_zone (seed 5e-4); R0 replay 1.124
multistart_actual_1,foshan_hv2_multistart.json,kept_theta_1,2025-08-09,8736.0,8789.6,1.006,True,scope=city; early_anchor_in_calib=no; 13-elt frozen; default ode_zone (seed 5e-4); R0 replay 1.124
multistart_actual_2,foshan_hv2_multistart.json,kept_theta_2,2025-07-15,478.0,3049.6,6.38,True,scope=shunde; early_anchor_in_calib=no; 13-elt frozen; default ode_zone (seed 5e-4); R0 replay 1.229
multistart_actual_2,foshan_hv2_multistart.json,kept_theta_2,2025-07-18,1161.0,3247.4,2.797,True,scope=shunde; early_anchor_in_calib=no; 13-elt frozen; default ode_zone (seed 5e-4); R0 replay 1.229
multistart_actual_2,foshan_hv2_multistart.json,kept_theta_2,2025-07-19,1790.0,3311.2,1.85,True,scope=shunde; early_anchor_in_calib=no; 13-elt frozen; default ode_zone (seed 5e-4); R0 replay 1.229
multistart_actual_2,foshan_hv2_multistart.json,kept_theta_2,2025-07-20,2285.0,3374.2,1.477,True,scope=shunde; early_anchor_in_calib=no; 13-elt frozen; default ode_zone (seed 5e-4); R0 replay 1.229
multistart_actual_2,foshan_hv2_multistart.json,kept_theta_2,2025-07-21,2471.0,3436.3,1.391,True,scope=shunde; early_anchor_in_calib=no; 13-elt frozen; default ode_zone (seed 5e-4); R0 replay 1.229
multistart_actual_2,foshan_hv2_multistart.json,kept_theta_2,2025-07-26,4208.0,3787.7,0.9,True,scope=shunde; early_anchor_in_calib=no; 13-elt frozen; default ode_zone (seed 5e-4); R0 replay 1.229
multistart_actual_2,foshan_hv2_multistart.json,kept_theta_2,2025-07-19,1873.0,4716.5,2.518,True,scope=city; early_anchor_in_calib=no; 13-elt frozen; default ode_zone (seed 5e-4); R0 replay 1.229
multistart_actual_2,foshan_hv2_multistart.json,kept_theta_2,2025-07-21,2659.0,4874.5,1.833,True,scope=city; early_anchor_in_calib=no; 13-elt frozen; default ode_zone (seed 5e-4); R0 replay 1.229
multistart_actual_2,foshan_hv2_multistart.json,kept_theta_2,2025-07-22,3195.0,4952.2,1.55,True,scope=city; early_anchor_in_calib=no; 13-elt frozen; default ode_zone (seed 5e-4); R0 replay 1.229
multistart_actual_2,foshan_hv2_multistart.json,kept_theta_2,2025-07-24,4014.0,5116.3,1.275,True,scope=city; early_anchor_in_calib=no; 13-elt frozen; default ode_zone (seed 5e-4); R0 replay 1.229
multistart_actual_2,foshan_hv2_multistart.json,kept_theta_2,2025-07-26,4754.0,5302.0,1.115,True,scope=city; early_anchor_in_calib=no; 13-elt frozen; default ode_zone (seed 5e-4); R0 replay 1.229
multistart_actual_2,foshan_hv2_multistart.json,kept_theta_2,2025-08-02,7524.0,6066.3,0.806,True,scope=city; early_anchor_in_calib=no; 13-elt frozen; default ode_zone (seed 5e-4); R0 replay 1.229
multistart_actual_2,foshan_hv2_multistart.json,kept_theta_2,2025-08-09,8736.0,6858.2,0.785,True,scope=city; early_anchor_in_calib=no; 13-elt frozen; default ode_zone (seed 5e-4); R0 replay 1.229
multistart_actual_3,foshan_hv2_multistart.json,kept_theta_3,2025-07-15,478.0,2405.2,5.032,True,scope=shunde; early_anchor_in_calib=no; 13-elt frozen; default ode_zone (seed 5e-4); R0 replay 1.264
multistart_actual_3,foshan_hv2_multistart.json,kept_theta_3,2025-07-18,1161.0,2564.0,2.208,True,scope=shunde; early_anchor_in_calib=no; 13-elt frozen; default ode_zone (seed 5e-4); R0 replay 1.264
multistart_actual_3,foshan_hv2_multistart.json,kept_theta_3,2025-07-19,1790.0,2615.4,1.461,True,scope=shunde; early_anchor_in_calib=no; 13-elt frozen; default ode_zone (seed 5e-4); R0 replay 1.264
multistart_actual_3,foshan_hv2_multistart.json,kept_theta_3,2025-07-20,2285.0,2666.9,1.167,True,scope=shunde; early_anchor_in_calib=no; 13-elt frozen; default ode_zone (seed 5e-4); R0 replay 1.264
multistart_actual_3,foshan_hv2_multistart.json,kept_theta_3,2025-07-21,2471.0,2722.5,1.102,True,scope=shunde; early_anchor_in_calib=no; 13-elt frozen; default ode_zone (seed 5e-4); R0 replay 1.264
multistart_actual_3,foshan_hv2_multistart.json,kept_theta_3,2025-07-26,4208.0,3142.4,0.747,True,scope=shunde; early_anchor_in_calib=no; 13-elt frozen; default ode_zone (seed 5e-4); R0 replay 1.264
multistart_actual_3,foshan_hv2_multistart.json,kept_theta_3,2025-07-19,1873.0,3486.5,1.861,True,scope=city; early_anchor_in_calib=no; 13-elt frozen; default ode_zone (seed 5e-4); R0 replay 1.264
multistart_actual_3,foshan_hv2_multistart.json,kept_theta_3,2025-07-21,2659.0,3611.2,1.358,True,scope=city; early_anchor_in_calib=no; 13-elt frozen; default ode_zone (seed 5e-4); R0 replay 1.264
multistart_actual_3,foshan_hv2_multistart.json,kept_theta_3,2025-07-22,3195.0,3684.0,1.153,True,scope=city; early_anchor_in_calib=no; 13-elt frozen; default ode_zone (seed 5e-4); R0 replay 1.264
multistart_actual_3,foshan_hv2_multistart.json,kept_theta_3,2025-07-24,4014.0,3860.6,0.962,True,scope=city; early_anchor_in_calib=no; 13-elt frozen; default ode_zone (seed 5e-4); R0 replay 1.264
multistart_actual_3,foshan_hv2_multistart.json,kept_theta_3,2025-07-26,4754.0,4073.8,0.857,True,scope=city; early_anchor_in_calib=no; 13-elt frozen; default ode_zone (seed 5e-4); R0 replay 1.264
multistart_actual_3,foshan_hv2_multistart.json,kept_theta_3,2025-08-02,7524.0,4975.6,0.661,True,scope=city; early_anchor_in_calib=no; 13-elt frozen; default ode_zone (seed 5e-4); R0 replay 1.264
multistart_actual_3,foshan_hv2_multistart.json,kept_theta_3,2025-08-09,8736.0,5937.2,0.68,True,scope=city; early_anchor_in_calib=no; 13-elt frozen; default ode_zone (seed 5e-4); R0 replay 1.264
multistart_actual_4,foshan_hv2_multistart.json,kept_theta_4,2025-07-15,478.0,1943.6,4.066,True,scope=shunde; early_anchor_in_calib=no; 13-elt frozen; default ode_zone (seed 5e-4); R0 replay 1.252
multistart_actual_4,foshan_hv2_multistart.json,kept_theta_4,2025-07-18,1161.0,2068.4,1.782,True,scope=shunde; early_anchor_in_calib=no; 13-elt frozen; default ode_zone (seed 5e-4); R0 replay 1.252
multistart_actual_4,foshan_hv2_multistart.json,kept_theta_4,2025-07-19,1790.0,2108.6,1.178,True,scope=shunde; early_anchor_in_calib=no; 13-elt frozen; default ode_zone (seed 5e-4); R0 replay 1.252
multistart_actual_4,foshan_hv2_multistart.json,kept_theta_4,2025-07-20,2285.0,2148.2,0.94,True,scope=shunde; early_anchor_in_calib=no; 13-elt frozen; default ode_zone (seed 5e-4); R0 replay 1.252
multistart_actual_4,foshan_hv2_multistart.json,kept_theta_4,2025-07-21,2471.0,2188.0,0.885,True,scope=shunde; early_anchor_in_calib=no; 13-elt frozen; default ode_zone (seed 5e-4); R0 replay 1.252
multistart_actual_4,foshan_hv2_multistart.json,kept_theta_4,2025-07-26,4208.0,2510.2,0.597,True,scope=shunde; early_anchor_in_calib=no; 13-elt frozen; default ode_zone (seed 5e-4); R0 replay 1.252
multistart_actual_4,foshan_hv2_multistart.json,kept_theta_4,2025-07-19,1873.0,3135.8,1.674,True,scope=city; early_anchor_in_calib=no; 13-elt frozen; default ode_zone (seed 5e-4); R0 replay 1.252
multistart_actual_4,foshan_hv2_multistart.json,kept_theta_4,2025-07-21,2659.0,3245.0,1.22,True,scope=city; early_anchor_in_calib=no; 13-elt frozen; default ode_zone (seed 5e-4); R0 replay 1.252
multistart_actual_4,foshan_hv2_multistart.json,kept_theta_4,2025-07-22,3195.0,3303.1,1.034,True,scope=city; early_anchor_in_calib=no; 13-elt frozen; default ode_zone (seed 5e-4); R0 replay 1.252
multistart_actual_4,foshan_hv2_multistart.json,kept_theta_4,2025-07-24,4014.0,3449.0,0.859,True,scope=city; early_anchor_in_calib=no; 13-elt frozen; default ode_zone (seed 5e-4); R0 replay 1.252
multistart_actual_4,foshan_hv2_multistart.json,kept_theta_4,2025-07-26,4754.0,3639.4,0.766,True,scope=city; early_anchor_in_calib=no; 13-elt frozen; default ode_zone (seed 5e-4); R0 replay 1.252
multistart_actual_4,foshan_hv2_multistart.json,kept_theta_4,2025-08-02,7524.0,4518.9,0.601,True,scope=city; early_anchor_in_calib=no; 13-elt frozen; default ode_zone (seed 5e-4); R0 replay 1.252
multistart_actual_4,foshan_hv2_multistart.json,kept_theta_4,2025-08-09,8736.0,5509.5,0.631,True,scope=city; early_anchor_in_calib=no; 13-elt frozen; default ode_zone (seed 5e-4); R0 replay 1.252
multistart_actual_5,foshan_hv2_multistart.json,kept_theta_5,2025-07-15,478.0,1434.1,3.0,True,scope=shunde; early_anchor_in_calib=no; 13-elt frozen; default ode_zone (seed 5e-4); R0 replay 1.254
multistart_actual_5,foshan_hv2_multistart.json,kept_theta_5,2025-07-18,1161.0,1533.2,1.321,True,scope=shunde; early_anchor_in_calib=no; 13-elt frozen; default ode_zone (seed 5e-4); R0 replay 1.254
multistart_actual_5,foshan_hv2_multistart.json,kept_theta_5,2025-07-19,1790.0,1570.0,0.877,True,scope=shunde; early_anchor_in_calib=no; 13-elt frozen; default ode_zone (seed 5e-4); R0 replay 1.254
multistart_actual_5,foshan_hv2_multistart.json,kept_theta_5,2025-07-20,2285.0,1615.8,0.707,True,scope=shunde; early_anchor_in_calib=no; 13-elt frozen; default ode_zone (seed 5e-4); R0 replay 1.254
multistart_actual_5,foshan_hv2_multistart.json,kept_theta_5,2025-07-21,2471.0,1673.2,0.677,True,scope=shunde; early_anchor_in_calib=no; 13-elt frozen; default ode_zone (seed 5e-4); R0 replay 1.254
multistart_actual_5,foshan_hv2_multistart.json,kept_theta_5,2025-07-26,4208.0,2102.4,0.5,True,scope=shunde; early_anchor_in_calib=no; 13-elt frozen; default ode_zone (seed 5e-4); R0 replay 1.254
multistart_actual_5,foshan_hv2_multistart.json,kept_theta_5,2025-07-19,1873.0,2671.6,1.426,True,scope=city; early_anchor_in_calib=no; 13-elt frozen; default ode_zone (seed 5e-4); R0 replay 1.254
multistart_actual_5,foshan_hv2_multistart.json,kept_theta_5,2025-07-21,2659.0,2809.9,1.057,True,scope=city; early_anchor_in_calib=no; 13-elt frozen; default ode_zone (seed 5e-4); R0 replay 1.254
multistart_actual_5,foshan_hv2_multistart.json,kept_theta_5,2025-07-22,3195.0,2896.1,0.906,True,scope=city; early_anchor_in_calib=no; 13-elt frozen; default ode_zone (seed 5e-4); R0 replay 1.254
multistart_actual_5,foshan_hv2_multistart.json,kept_theta_5,2025-07-24,4014.0,3098.2,0.772,True,scope=city; early_anchor_in_calib=no; 13-elt frozen; default ode_zone (seed 5e-4); R0 replay 1.254
multistart_actual_5,foshan_hv2_multistart.json,kept_theta_5,2025-07-26,4754.0,3331.0,0.701,True,scope=city; early_anchor_in_calib=no; 13-elt frozen; default ode_zone (seed 5e-4); R0 replay 1.254
multistart_actual_5,foshan_hv2_multistart.json,kept_theta_5,2025-08-02,7524.0,4277.7,0.569,True,scope=city; early_anchor_in_calib=no; 13-elt frozen; default ode_zone (seed 5e-4); R0 replay 1.254
multistart_actual_5,foshan_hv2_multistart.json,kept_theta_5,2025-08-09,8736.0,5295.6,0.606,True,scope=city; early_anchor_in_calib=no; 13-elt frozen; default ode_zone (seed 5e-4); R0 replay 1.254
multistart_actual_6,foshan_hv2_multistart.json,kept_theta_6,2025-07-15,478.0,1157.3,2.421,True,scope=shunde; early_anchor_in_calib=no; 13-elt frozen; default ode_zone (seed 5e-4); R0 replay 1.195
multistart_actual_6,foshan_hv2_multistart.json,kept_theta_6,2025-07-18,1161.0,1232.2,1.061,True,scope=shunde; early_anchor_in_calib=no; 13-elt frozen; default ode_zone (seed 5e-4); R0 replay 1.195
multistart_actual_6,foshan_hv2_multistart.json,kept_theta_6,2025-07-19,1790.0,1256.9,0.702,True,scope=shunde; early_anchor_in_calib=no; 13-elt frozen; default ode_zone (seed 5e-4); R0 replay 1.195
multistart_actual_6,foshan_hv2_multistart.json,kept_theta_6,2025-07-20,2285.0,1284.3,0.562,True,scope=shunde; early_anchor_in_calib=no; 13-elt frozen; default ode_zone (seed 5e-4); R0 replay 1.195
multistart_actual_6,foshan_hv2_multistart.json,kept_theta_6,2025-07-21,2471.0,1318.5,0.534,True,scope=shunde; early_anchor_in_calib=no; 13-elt frozen; default ode_zone (seed 5e-4); R0 replay 1.195
multistart_actual_6,foshan_hv2_multistart.json,kept_theta_6,2025-07-26,4208.0,1607.2,0.382,True,scope=shunde; early_anchor_in_calib=no; 13-elt frozen; default ode_zone (seed 5e-4); R0 replay 1.195
multistart_actual_6,foshan_hv2_multistart.json,kept_theta_6,2025-07-19,1873.0,2931.5,1.565,True,scope=city; early_anchor_in_calib=no; 13-elt frozen; default ode_zone (seed 5e-4); R0 replay 1.195
multistart_actual_6,foshan_hv2_multistart.json,kept_theta_6,2025-07-21,2659.0,3061.0,1.151,True,scope=city; early_anchor_in_calib=no; 13-elt frozen; default ode_zone (seed 5e-4); R0 replay 1.195
multistart_actual_6,foshan_hv2_multistart.json,kept_theta_6,2025-07-22,3195.0,3138.6,0.982,True,scope=city; early_anchor_in_calib=no; 13-elt frozen; default ode_zone (seed 5e-4); R0 replay 1.195
multistart_actual_6,foshan_hv2_multistart.json,kept_theta_6,2025-07-24,4014.0,3323.0,0.828,True,scope=city; early_anchor_in_calib=no; 13-elt frozen; default ode_zone (seed 5e-4); R0 replay 1.195
multistart_actual_6,foshan_hv2_multistart.json,kept_theta_6,2025-07-26,4754.0,3539.6,0.745,True,scope=city; early_anchor_in_calib=no; 13-elt frozen; default ode_zone (seed 5e-4); R0 replay 1.195
multistart_actual_6,foshan_hv2_multistart.json,kept_theta_6,2025-08-02,7524.0,4437.3,0.59,True,scope=city; early_anchor_in_calib=no; 13-elt frozen; default ode_zone (seed 5e-4); R0 replay 1.195
multistart_actual_6,foshan_hv2_multistart.json,kept_theta_6,2025-08-09,8736.0,5403.6,0.619,True,scope=city; early_anchor_in_calib=no; 13-elt frozen; default ode_zone (seed 5e-4); R0 replay 1.195
boundprofile_baseline_R01.24_s1,bound_profile_i600.csv,baseline|R0=1.24|start=1,2025-07-15,478.0,2269.2,4.747,True,scope=shunde; early_anchor_in_calib=yes; th_anchor(multistart start 1) + archived 8 free params; ode_zone_seeded; R0 replay ok (1.240)
boundprofile_baseline_R01.24_s1,bound_profile_i600.csv,baseline|R0=1.24|start=1,2025-07-18,1161.0,2470.2,2.128,True,scope=shunde; early_anchor_in_calib=yes; th_anchor(multistart start 1) + archived 8 free params; ode_zone_seeded; R0 replay ok (1.240)
boundprofile_baseline_R01.24_s1,bound_profile_i600.csv,baseline|R0=1.24|start=1,2025-07-19,1790.0,2548.2,1.424,True,scope=shunde; early_anchor_in_calib=yes; th_anchor(multistart start 1) + archived 8 free params; ode_zone_seeded; R0 replay ok (1.240)
boundprofile_baseline_R01.24_s1,bound_profile_i600.csv,baseline|R0=1.24|start=1,2025-07-20,2285.0,2632.1,1.152,True,scope=shunde; early_anchor_in_calib=yes; th_anchor(multistart start 1) + archived 8 free params; ode_zone_seeded; R0 replay ok (1.240)
boundprofile_baseline_R01.24_s1,bound_profile_i600.csv,baseline|R0=1.24|start=1,2025-07-21,2471.0,2721.1,1.101,True,scope=shunde; early_anchor_in_calib=yes; th_anchor(multistart start 1) + archived 8 free params; ode_zone_seeded; R0 replay ok (1.240)
boundprofile_baseline_R01.24_s1,bound_profile_i600.csv,baseline|R0=1.24|start=1,2025-07-26,4208.0,3221.4,0.766,True,scope=shunde; early_anchor_in_calib=yes; th_anchor(multistart start 1) + archived 8 free params; ode_zone_seeded; R0 replay ok (1.240)
boundprofile_baseline_R01.24_s1,bound_profile_i600.csv,baseline|R0=1.24|start=1,2025-07-19,1873.0,3590.7,1.917,True,scope=city; early_anchor_in_calib=yes; th_anchor(multistart start 1) + archived 8 free params; ode_zone_seeded; R0 replay ok (1.240)
boundprofile_baseline_R01.24_s1,bound_profile_i600.csv,baseline|R0=1.24|start=1,2025-07-21,2659.0,3796.6,1.428,True,scope=city; early_anchor_in_calib=yes; th_anchor(multistart start 1) + archived 8 free params; ode_zone_seeded; R0 replay ok (1.240)
boundprofile_baseline_R01.24_s1,bound_profile_i600.csv,baseline|R0=1.24|start=1,2025-07-22,3195.0,3906.5,1.223,True,scope=city; early_anchor_in_calib=yes; th_anchor(multistart start 1) + archived 8 free params; ode_zone_seeded; R0 replay ok (1.240)
boundprofile_baseline_R01.24_s1,bound_profile_i600.csv,baseline|R0=1.24|start=1,2025-07-24,4014.0,4137.0,1.031,True,scope=city; early_anchor_in_calib=yes; th_anchor(multistart start 1) + archived 8 free params; ode_zone_seeded; R0 replay ok (1.240)
boundprofile_baseline_R01.24_s1,bound_profile_i600.csv,baseline|R0=1.24|start=1,2025-07-26,4754.0,4377.8,0.921,True,scope=city; early_anchor_in_calib=yes; th_anchor(multistart start 1) + archived 8 free params; ode_zone_seeded; R0 replay ok (1.240)
boundprofile_baseline_R01.24_s1,bound_profile_i600.csv,baseline|R0=1.24|start=1,2025-08-02,7524.0,5251.4,0.698,True,scope=city; early_anchor_in_calib=yes; th_anchor(multistart start 1) + archived 8 free params; ode_zone_seeded; R0 replay ok (1.240)
boundprofile_baseline_R01.24_s1,bound_profile_i600.csv,baseline|R0=1.24|start=1,2025-08-09,8736.0,6108.1,0.699,True,scope=city; early_anchor_in_calib=yes; th_anchor(multistart start 1) + archived 8 free params; ode_zone_seeded; R0 replay ok (1.240)
boundprofile_baseline_R01.5_s1,bound_profile_i600.csv,baseline|R0=1.5|start=1,2025-07-15,478.0,1394.9,2.918,True,scope=shunde; early_anchor_in_calib=yes; th_anchor(multistart start 1) + archived 8 free params; ode_zone_seeded; R0 replay ok (1.500)
boundprofile_baseline_R01.5_s1,bound_profile_i600.csv,baseline|R0=1.5|start=1,2025-07-18,1161.0,1553.5,1.338,True,scope=shunde; early_anchor_in_calib=yes; th_anchor(multistart start 1) + archived 8 free params; ode_zone_seeded; R0 replay ok (1.500)
boundprofile_baseline_R01.5_s1,bound_profile_i600.csv,baseline|R0=1.5|start=1,2025-07-19,1790.0,1617.4,0.904,True,scope=shunde; early_anchor_in_calib=yes; th_anchor(multistart start 1) + archived 8 free params; ode_zone_seeded; R0 replay ok (1.500)
boundprofile_baseline_R01.5_s1,bound_profile_i600.csv,baseline|R0=1.5|start=1,2025-07-20,2285.0,1687.0,0.738,True,scope=shunde; early_anchor_in_calib=yes; th_anchor(multistart start 1) + archived 8 free params; ode_zone_seeded; R0 replay ok (1.500)
boundprofile_baseline_R01.5_s1,bound_profile_i600.csv,baseline|R0=1.5|start=1,2025-07-21,2471.0,1762.0,0.713,True,scope=shunde; early_anchor_in_calib=yes; th_anchor(multistart start 1) + archived 8 free params; ode_zone_seeded; R0 replay ok (1.500)
boundprofile_baseline_R01.5_s1,bound_profile_i600.csv,baseline|R0=1.5|start=1,2025-07-26,4208.0,2198.5,0.522,True,scope=shunde; early_anchor_in_calib=yes; th_anchor(multistart start 1) + archived 8 free params; ode_zone_seeded; R0 replay ok (1.500)
boundprofile_baseline_R01.5_s1,bound_profile_i600.csv,baseline|R0=1.5|start=1,2025-07-19,1873.0,2219.7,1.185,True,scope=city; early_anchor_in_calib=yes; th_anchor(multistart start 1) + archived 8 free params; ode_zone_seeded; R0 replay ok (1.500)
boundprofile_baseline_R01.5_s1,bound_profile_i600.csv,baseline|R0=1.5|start=1,2025-07-21,2659.0,2388.9,0.898,True,scope=city; early_anchor_in_calib=yes; th_anchor(multistart start 1) + archived 8 free params; ode_zone_seeded; R0 replay ok (1.500)
boundprofile_baseline_R01.5_s1,bound_profile_i600.csv,baseline|R0=1.5|start=1,2025-07-22,3195.0,2481.4,0.777,True,scope=city; early_anchor_in_calib=yes; th_anchor(multistart start 1) + archived 8 free params; ode_zone_seeded; R0 replay ok (1.500)
boundprofile_baseline_R01.5_s1,bound_profile_i600.csv,baseline|R0=1.5|start=1,2025-07-24,4014.0,2679.5,0.668,True,scope=city; early_anchor_in_calib=yes; th_anchor(multistart start 1) + archived 8 free params; ode_zone_seeded; R0 replay ok (1.500)
boundprofile_baseline_R01.5_s1,bound_profile_i600.csv,baseline|R0=1.5|start=1,2025-07-26,4754.0,2891.8,0.608,True,scope=city; early_anchor_in_calib=yes; th_anchor(multistart start 1) + archived 8 free params; ode_zone_seeded; R0 replay ok (1.500)
boundprofile_baseline_R01.5_s1,bound_profile_i600.csv,baseline|R0=1.5|start=1,2025-08-02,7524.0,3702.3,0.492,True,scope=city; early_anchor_in_calib=yes; th_anchor(multistart start 1) + archived 8 free params; ode_zone_seeded; R0 replay ok (1.500)
boundprofile_baseline_R01.5_s1,bound_profile_i600.csv,baseline|R0=1.5|start=1,2025-08-09,8736.0,4559.4,0.522,True,scope=city; early_anchor_in_calib=yes; th_anchor(multistart start 1) + archived 8 free params; ode_zone_seeded; R0 replay ok (1.500)
boundprofile_baseline_R02_s2,bound_profile_i600.csv,baseline|R0=2|start=2,2025-07-15,478.0,521.8,1.092,True,scope=shunde; early_anchor_in_calib=yes; th_anchor(multistart start 2) + archived 8 free params; ode_zone_seeded; R0 replay ok (2.000)
boundprofile_baseline_R02_s2,bound_profile_i600.csv,baseline|R0=2|start=2,2025-07-18,1161.0,671.9,0.579,True,scope=shunde; early_anchor_in_calib=yes; th_anchor(multistart start 2) + archived 8 free params; ode_zone_seeded; R0 replay ok (2.000)
boundprofile_baseline_R02_s2,bound_profile_i600.csv,baseline|R0=2|start=2,2025-07-19,1790.0,738.7,0.413,True,scope=shunde; early_anchor_in_calib=yes; th_anchor(multistart start 2) + archived 8 free params; ode_zone_seeded; R0 replay ok (2.000)
boundprofile_baseline_R02_s2,bound_profile_i600.csv,baseline|R0=2|start=2,2025-07-20,2285.0,812.9,0.356,True,scope=shunde; early_anchor_in_calib=yes; th_anchor(multistart start 2) + archived 8 free params; ode_zone_seeded; R0 replay ok (2.000)
boundprofile_baseline_R02_s2,bound_profile_i600.csv,baseline|R0=2|start=2,2025-07-21,2471.0,893.7,0.362,True,scope=shunde; early_anchor_in_calib=yes; th_anchor(multistart start 2) + archived 8 free params; ode_zone_seeded; R0 replay ok (2.000)
boundprofile_baseline_R02_s2,bound_profile_i600.csv,baseline|R0=2|start=2,2025-07-26,4208.0,1387.0,0.33,True,scope=shunde; early_anchor_in_calib=yes; th_anchor(multistart start 2) + archived 8 free params; ode_zone_seeded; R0 replay ok (2.000)
boundprofile_baseline_R02_s2,bound_profile_i600.csv,baseline|R0=2|start=2,2025-07-19,1873.0,873.6,0.466,True,scope=city; early_anchor_in_calib=yes; th_anchor(multistart start 2) + archived 8 free params; ode_zone_seeded; R0 replay ok (2.000)
boundprofile_baseline_R02_s2,bound_profile_i600.csv,baseline|R0=2|start=2,2025-07-21,2659.0,1031.2,0.388,True,scope=city; early_anchor_in_calib=yes; th_anchor(multistart start 2) + archived 8 free params; ode_zone_seeded; R0 replay ok (2.000)
boundprofile_baseline_R02_s2,bound_profile_i600.csv,baseline|R0=2|start=2,2025-07-22,3195.0,1119.6,0.35,True,scope=city; early_anchor_in_calib=yes; th_anchor(multistart start 2) + archived 8 free params; ode_zone_seeded; R0 replay ok (2.000)
boundprofile_baseline_R02_s2,bound_profile_i600.csv,baseline|R0=2|start=2,2025-07-24,4014.0,1314.0,0.327,True,scope=city; early_anchor_in_calib=yes; th_anchor(multistart start 2) + archived 8 free params; ode_zone_seeded; R0 replay ok (2.000)
boundprofile_baseline_R02_s2,bound_profile_i600.csv,baseline|R0=2|start=2,2025-07-26,4754.0,1530.4,0.322,True,scope=city; early_anchor_in_calib=yes; th_anchor(multistart start 2) + archived 8 free params; ode_zone_seeded; R0 replay ok (2.000)
boundprofile_baseline_R02_s2,bound_profile_i600.csv,baseline|R0=2|start=2,2025-08-02,7524.0,2446.7,0.325,True,scope=city; early_anchor_in_calib=yes; th_anchor(multistart start 2) + archived 8 free params; ode_zone_seeded; R0 replay ok (2.000)
boundprofile_baseline_R02_s2,bound_profile_i600.csv,baseline|R0=2|start=2,2025-08-09,8736.0,3570.9,0.409,True,scope=city; early_anchor_in_calib=yes; th_anchor(multistart start 2) + archived 8 free params; ode_zone_seeded; R0 replay ok (2.000)
boundprofile_baseline_R02.5_s0,bound_profile_i600.csv,baseline|R0=2.5|start=0,2025-07-15,478.0,596.3,1.248,True,scope=shunde; early_anchor_in_calib=yes; th_anchor(multistart start 0) + archived 8 free params; ode_zone_seeded; R0 replay ok (2.500)
boundprofile_baseline_R02.5_s0,bound_profile_i600.csv,baseline|R0=2.5|start=0,2025-07-18,1161.0,665.6,0.573,True,scope=shunde; early_anchor_in_calib=yes; th_anchor(multistart start 0) + archived 8 free params; ode_zone_seeded; R0 replay ok (2.500)
boundprofile_baseline_R02.5_s0,bound_profile_i600.csv,baseline|R0=2.5|start=0,2025-07-19,1790.0,689.9,0.385,True,scope=shunde; early_anchor_in_calib=yes; th_anchor(multistart start 0) + archived 8 free params; ode_zone_seeded; R0 replay ok (2.500)
boundprofile_baseline_R02.5_s0,bound_profile_i600.csv,baseline|R0=2.5|start=0,2025-07-20,2285.0,717.5,0.314,True,scope=shunde; early_anchor_in_calib=yes; th_anchor(multistart start 0) + archived 8 free params; ode_zone_seeded; R0 replay ok (2.500)
boundprofile_baseline_R02.5_s0,bound_profile_i600.csv,baseline|R0=2.5|start=0,2025-07-21,2471.0,751.6,0.304,True,scope=shunde; early_anchor_in_calib=yes; th_anchor(multistart start 0) + archived 8 free params; ode_zone_seeded; R0 replay ok (2.500)
boundprofile_baseline_R02.5_s0,bound_profile_i600.csv,baseline|R0=2.5|start=0,2025-07-26,4208.0,1034.0,0.246,True,scope=shunde; early_anchor_in_calib=yes; th_anchor(multistart start 0) + archived 8 free params; ode_zone_seeded; R0 replay ok (2.500)
boundprofile_baseline_R02.5_s0,bound_profile_i600.csv,baseline|R0=2.5|start=0,2025-07-19,1873.0,926.4,0.495,True,scope=city; early_anchor_in_calib=yes; th_anchor(multistart start 0) + archived 8 free params; ode_zone_seeded; R0 replay ok (2.500)
boundprofile_baseline_R02.5_s0,bound_profile_i600.csv,baseline|R0=2.5|start=0,2025-07-21,2659.0,998.6,0.376,True,scope=city; early_anchor_in_calib=yes; th_anchor(multistart start 0) + archived 8 free params; ode_zone_seeded; R0 replay ok (2.500)
boundprofile_baseline_R02.5_s0,bound_profile_i600.csv,baseline|R0=2.5|start=0,2025-07-22,3195.0,1045.9,0.327,True,scope=city; early_anchor_in_calib=yes; th_anchor(multistart start 0) + archived 8 free params; ode_zone_seeded; R0 replay ok (2.500)
boundprofile_baseline_R02.5_s0,bound_profile_i600.csv,baseline|R0=2.5|start=0,2025-07-24,4014.0,1164.2,0.29,True,scope=city; early_anchor_in_calib=yes; th_anchor(multistart start 0) + archived 8 free params; ode_zone_seeded; R0 replay ok (2.500)
boundprofile_baseline_R02.5_s0,bound_profile_i600.csv,baseline|R0=2.5|start=0,2025-07-26,4754.0,1310.0,0.276,True,scope=city; early_anchor_in_calib=yes; th_anchor(multistart start 0) + archived 8 free params; ode_zone_seeded; R0 replay ok (2.500)
boundprofile_baseline_R02.5_s0,bound_profile_i600.csv,baseline|R0=2.5|start=0,2025-08-02,7524.0,1974.5,0.262,True,scope=city; early_anchor_in_calib=yes; th_anchor(multistart start 0) + archived 8 free params; ode_zone_seeded; R0 replay ok (2.500)
boundprofile_baseline_R02.5_s0,bound_profile_i600.csv,baseline|R0=2.5|start=0,2025-08-09,8736.0,2806.6,0.321,True,scope=city; early_anchor_in_calib=yes; th_anchor(multistart start 0) + archived 8 free params; ode_zone_seeded; R0 replay ok (2.500)
boundprofile_baseline_R03_s2,bound_profile_i600.csv,baseline|R0=3|start=2,2025-07-15,478.0,199.5,0.417,True,scope=shunde; early_anchor_in_calib=yes; th_anchor(multistart start 2) + archived 8 free params; ode_zone_seeded; R0 replay ok (3.000)
boundprofile_baseline_R03_s2,bound_profile_i600.csv,baseline|R0=3|start=2,2025-07-18,1161.0,256.8,0.221,True,scope=shunde; early_anchor_in_calib=yes; th_anchor(multistart start 2) + archived 8 free params; ode_zone_seeded; R0 replay ok (3.000)
boundprofile_baseline_R03_s2,bound_profile_i600.csv,baseline|R0=3|start=2,2025-07-19,1790.0,285.9,0.16,True,scope=shunde; early_anchor_in_calib=yes; th_anchor(multistart start 2) + archived 8 free params; ode_zone_seeded; R0 replay ok (3.000)
boundprofile_baseline_R03_s2,bound_profile_i600.csv,baseline|R0=3|start=2,2025-07-20,2285.0,319.7,0.14,True,scope=shunde; early_anchor_in_calib=yes; th_anchor(multistart start 2) + archived 8 free params; ode_zone_seeded; R0 replay ok (3.000)
boundprofile_baseline_R03_s2,bound_profile_i600.csv,baseline|R0=3|start=2,2025-07-21,2471.0,358.1,0.145,True,scope=shunde; early_anchor_in_calib=yes; th_anchor(multistart start 2) + archived 8 free params; ode_zone_seeded; R0 replay ok (3.000)
boundprofile_baseline_R03_s2,bound_profile_i600.csv,baseline|R0=3|start=2,2025-07-26,4208.0,612.5,0.146,True,scope=shunde; early_anchor_in_calib=yes; th_anchor(multistart start 2) + archived 8 free params; ode_zone_seeded; R0 replay ok (3.000)
boundprofile_baseline_R03_s2,bound_profile_i600.csv,baseline|R0=3|start=2,2025-07-19,1873.0,309.6,0.165,True,scope=city; early_anchor_in_calib=yes; th_anchor(multistart start 2) + archived 8 free params; ode_zone_seeded; R0 replay ok (3.000)
boundprofile_baseline_R03_s2,bound_profile_i600.csv,baseline|R0=3|start=2,2025-07-21,2659.0,382.8,0.144,True,scope=city; early_anchor_in_calib=yes; th_anchor(multistart start 2) + archived 8 free params; ode_zone_seeded; R0 replay ok (3.000)
boundprofile_baseline_R03_s2,bound_profile_i600.csv,baseline|R0=3|start=2,2025-07-22,3195.0,425.9,0.133,True,scope=city; early_anchor_in_calib=yes; th_anchor(multistart start 2) + archived 8 free params; ode_zone_seeded; R0 replay ok (3.000)
boundprofile_baseline_R03_s2,bound_profile_i600.csv,baseline|R0=3|start=2,2025-07-24,4014.0,524.7,0.131,True,scope=city; early_anchor_in_calib=yes; th_anchor(multistart start 2) + archived 8 free params; ode_zone_seeded; R0 replay ok (3.000)
boundprofile_baseline_R03_s2,bound_profile_i600.csv,baseline|R0=3|start=2,2025-07-26,4754.0,639.8,0.135,True,scope=city; early_anchor_in_calib=yes; th_anchor(multistart start 2) + archived 8 free params; ode_zone_seeded; R0 replay ok (3.000)
boundprofile_baseline_R03_s2,bound_profile_i600.csv,baseline|R0=3|start=2,2025-08-02,7524.0,1173.1,0.156,True,scope=city; early_anchor_in_calib=yes; th_anchor(multistart start 2) + archived 8 free params; ode_zone_seeded; R0 replay ok (3.000)
boundprofile_baseline_R03_s2,bound_profile_i600.csv,baseline|R0=3|start=2,2025-08-09,8736.0,1915.2,0.219,True,scope=city; early_anchor_in_calib=yes; th_anchor(multistart start 2) + archived 8 free params; ode_zone_seeded; R0 replay ok (3.000)
boundprofile_baseline_R03.5_s2,bound_profile_i600.csv,baseline|R0=3.5|start=2,2025-07-15,478.0,219.0,0.458,True,scope=shunde; early_anchor_in_calib=yes; th_anchor(multistart start 2) + archived 8 free params; ode_zone_seeded; R0 replay ok (3.500)
boundprofile_baseline_R03.5_s2,bound_profile_i600.csv,baseline|R0=3.5|start=2,2025-07-18,1161.0,296.3,0.255,True,scope=shunde; early_anchor_in_calib=yes; th_anchor(multistart start 2) + archived 8 free params; ode_zone_seeded; R0 replay ok (3.500)
boundprofile_baseline_R03.5_s2,bound_profile_i600.csv,baseline|R0=3.5|start=2,2025-07-19,1790.0,329.5,0.184,True,scope=shunde; early_anchor_in_calib=yes; th_anchor(multistart start 2) + archived 8 free params; ode_zone_seeded; R0 replay ok (3.500)
boundprofile_baseline_R03.5_s2,bound_profile_i600.csv,baseline|R0=3.5|start=2,2025-07-20,2285.0,366.3,0.16,True,scope=shunde; early_anchor_in_calib=yes; th_anchor(multistart start 2) + archived 8 free params; ode_zone_seeded; R0 replay ok (3.500)
boundprofile_baseline_R03.5_s2,bound_profile_i600.csv,baseline|R0=3.5|start=2,2025-07-21,2471.0,406.5,0.165,True,scope=shunde; early_anchor_in_calib=yes; th_anchor(multistart start 2) + archived 8 free params; ode_zone_seeded; R0 replay ok (3.500)
boundprofile_baseline_R03.5_s2,bound_profile_i600.csv,baseline|R0=3.5|start=2,2025-07-26,4208.0,659.3,0.157,True,scope=shunde; early_anchor_in_calib=yes; th_anchor(multistart start 2) + archived 8 free params; ode_zone_seeded; R0 replay ok (3.500)
boundprofile_baseline_R03.5_s2,bound_profile_i600.csv,baseline|R0=3.5|start=2,2025-07-19,1873.0,342.0,0.183,True,scope=city; early_anchor_in_calib=yes; th_anchor(multistart start 2) + archived 8 free params; ode_zone_seeded; R0 replay ok (3.500)
boundprofile_baseline_R03.5_s2,bound_profile_i600.csv,baseline|R0=3.5|start=2,2025-07-21,2659.0,419.5,0.158,True,scope=city; early_anchor_in_calib=yes; th_anchor(multistart start 2) + archived 8 free params; ode_zone_seeded; R0 replay ok (3.500)
boundprofile_baseline_R03.5_s2,bound_profile_i600.csv,baseline|R0=3.5|start=2,2025-07-22,3195.0,463.5,0.145,True,scope=city; early_anchor_in_calib=yes; th_anchor(multistart start 2) + archived 8 free params; ode_zone_seeded; R0 replay ok (3.500)
boundprofile_baseline_R03.5_s2,bound_profile_i600.csv,baseline|R0=3.5|start=2,2025-07-24,4014.0,561.6,0.14,True,scope=city; early_anchor_in_calib=yes; th_anchor(multistart start 2) + archived 8 free params; ode_zone_seeded; R0 replay ok (3.500)
boundprofile_baseline_R03.5_s2,bound_profile_i600.csv,baseline|R0=3.5|start=2,2025-07-26,4754.0,673.5,0.142,True,scope=city; early_anchor_in_calib=yes; th_anchor(multistart start 2) + archived 8 free params; ode_zone_seeded; R0 replay ok (3.500)
boundprofile_baseline_R03.5_s2,bound_profile_i600.csv,baseline|R0=3.5|start=2,2025-08-02,7524.0,1174.3,0.156,True,scope=city; early_anchor_in_calib=yes; th_anchor(multistart start 2) + archived 8 free params; ode_zone_seeded; R0 replay ok (3.500)
boundprofile_baseline_R03.5_s2,bound_profile_i600.csv,baseline|R0=3.5|start=2,2025-08-09,8736.0,1841.1,0.211,True,scope=city; early_anchor_in_calib=yes; th_anchor(multistart start 2) + archived 8 free params; ode_zone_seeded; R0 replay ok (3.500)
boundprofile_baseline_R04_s1,bound_profile_i600.csv,baseline|R0=4|start=1,2025-07-15,478.0,210.3,0.44,True,scope=shunde; early_anchor_in_calib=yes; th_anchor(multistart start 1) + archived 8 free params; ode_zone_seeded; R0 replay ok (4.000)
boundprofile_baseline_R04_s1,bound_profile_i600.csv,baseline|R0=4|start=1,2025-07-18,1161.0,252.6,0.218,True,scope=shunde; early_anchor_in_calib=yes; th_anchor(multistart start 1) + archived 8 free params; ode_zone_seeded; R0 replay ok (4.000)
boundprofile_baseline_R04_s1,bound_profile_i600.csv,baseline|R0=4|start=1,2025-07-19,1790.0,270.8,0.151,True,scope=shunde; early_anchor_in_calib=yes; th_anchor(multistart start 1) + archived 8 free params; ode_zone_seeded; R0 replay ok (4.000)
boundprofile_baseline_R04_s1,bound_profile_i600.csv,baseline|R0=4|start=1,2025-07-20,2285.0,292.0,0.128,True,scope=shunde; early_anchor_in_calib=yes; th_anchor(multistart start 1) + archived 8 free params; ode_zone_seeded; R0 replay ok (4.000)
boundprofile_baseline_R04_s1,bound_profile_i600.csv,baseline|R0=4|start=1,2025-07-21,2471.0,316.1,0.128,True,scope=shunde; early_anchor_in_calib=yes; th_anchor(multistart start 1) + archived 8 free params; ode_zone_seeded; R0 replay ok (4.000)
boundprofile_baseline_R04_s1,bound_profile_i600.csv,baseline|R0=4|start=1,2025-07-26,4208.0,477.7,0.114,True,scope=shunde; early_anchor_in_calib=yes; th_anchor(multistart start 1) + archived 8 free params; ode_zone_seeded; R0 replay ok (4.000)
boundprofile_baseline_R04_s1,bound_profile_i600.csv,baseline|R0=4|start=1,2025-07-19,1873.0,299.9,0.16,True,scope=city; early_anchor_in_calib=yes; th_anchor(multistart start 1) + archived 8 free params; ode_zone_seeded; R0 replay ok (4.000)
boundprofile_baseline_R04_s1,bound_profile_i600.csv,baseline|R0=4|start=1,2025-07-21,2659.0,347.1,0.131,True,scope=city; early_anchor_in_calib=yes; th_anchor(multistart start 1) + archived 8 free params; ode_zone_seeded; R0 replay ok (4.000)
boundprofile_baseline_R04_s1,bound_profile_i600.csv,baseline|R0=4|start=1,2025-07-22,3195.0,375.1,0.117,True,scope=city; early_anchor_in_calib=yes; th_anchor(multistart start 1) + archived 8 free params; ode_zone_seeded; R0 replay ok (4.000)
boundprofile_baseline_R04_s1,bound_profile_i600.csv,baseline|R0=4|start=1,2025-07-24,4014.0,439.2,0.109,True,scope=city; early_anchor_in_calib=yes; th_anchor(multistart start 1) + archived 8 free params; ode_zone_seeded; R0 replay ok (4.000)
boundprofile_baseline_R04_s1,bound_profile_i600.csv,baseline|R0=4|start=1,2025-07-26,4754.0,513.8,0.108,True,scope=city; early_anchor_in_calib=yes; th_anchor(multistart start 1) + archived 8 free params; ode_zone_seeded; R0 replay ok (4.000)
boundprofile_baseline_R04_s1,bound_profile_i600.csv,baseline|R0=4|start=1,2025-08-02,7524.0,851.5,0.113,True,scope=city; early_anchor_in_calib=yes; th_anchor(multistart start 1) + archived 8 free params; ode_zone_seeded; R0 replay ok (4.000)
boundprofile_baseline_R04_s1,bound_profile_i600.csv,baseline|R0=4|start=1,2025-08-09,8736.0,1308.8,0.15,True,scope=city; early_anchor_in_calib=yes; th_anchor(multistart start 1) + archived 8 free params; ode_zone_seeded; R0 replay ok (4.000)
boundprofile_baseline_R04.5_s1,bound_profile_i600.csv,baseline|R0=4.5|start=1,2025-07-15,478.0,352.7,0.738,True,scope=shunde; early_anchor_in_calib=yes; th_anchor(multistart start 1) + archived 8 free params; ode_zone_seeded; R0 replay ok (4.500)
boundprofile_baseline_R04.5_s1,bound_profile_i600.csv,baseline|R0=4.5|start=1,2025-07-18,1161.0,472.5,0.407,True,scope=shunde; early_anchor_in_calib=yes; th_anchor(multistart start 1) + archived 8 free params; ode_zone_seeded; R0 replay ok (4.500)
boundprofile_baseline_R04.5_s1,bound_profile_i600.csv,baseline|R0=4.5|start=1,2025-07-19,1790.0,522.1,0.292,True,scope=shunde; early_anchor_in_calib=yes; th_anchor(multistart start 1) + archived 8 free params; ode_zone_seeded; R0 replay ok (4.500)
boundprofile_baseline_R04.5_s1,bound_profile_i600.csv,baseline|R0=4.5|start=1,2025-07-20,2285.0,576.6,0.252,True,scope=shunde; early_anchor_in_calib=yes; th_anchor(multistart start 1) + archived 8 free params; ode_zone_seeded; R0 replay ok (4.500)
boundprofile_baseline_R04.5_s1,bound_profile_i600.csv,baseline|R0=4.5|start=1,2025-07-21,2471.0,636.0,0.257,True,scope=shunde; early_anchor_in_calib=yes; th_anchor(multistart start 1) + archived 8 free params; ode_zone_seeded; R0 replay ok (4.500)
boundprofile_baseline_R04.5_s1,bound_profile_i600.csv,baseline|R0=4.5|start=1,2025-07-26,4208.0,1008.8,0.24,True,scope=shunde; early_anchor_in_calib=yes; th_anchor(multistart start 1) + archived 8 free params; ode_zone_seeded; R0 replay ok (4.500)
boundprofile_baseline_R04.5_s1,bound_profile_i600.csv,baseline|R0=4.5|start=1,2025-07-19,1873.0,564.4,0.301,True,scope=city; early_anchor_in_calib=yes; th_anchor(multistart start 1) + archived 8 free params; ode_zone_seeded; R0 replay ok (4.500)
boundprofile_baseline_R04.5_s1,bound_profile_i600.csv,baseline|R0=4.5|start=1,2025-07-21,2659.0,684.0,0.257,True,scope=city; early_anchor_in_calib=yes; th_anchor(multistart start 1) + archived 8 free params; ode_zone_seeded; R0 replay ok (4.500)
boundprofile_baseline_R04.5_s1,bound_profile_i600.csv,baseline|R0=4.5|start=1,2025-07-22,3195.0,754.1,0.236,True,scope=city; early_anchor_in_calib=yes; th_anchor(multistart start 1) + archived 8 free params; ode_zone_seeded; R0 replay ok (4.500)
boundprofile_baseline_R04.5_s1,bound_profile_i600.csv,baseline|R0=4.5|start=1,2025-07-24,4014.0,916.7,0.228,True,scope=city; early_anchor_in_calib=yes; th_anchor(multistart start 1) + archived 8 free params; ode_zone_seeded; R0 replay ok (4.500)
boundprofile_baseline_R04.5_s1,bound_profile_i600.csv,baseline|R0=4.5|start=1,2025-07-26,4754.0,1109.1,0.233,True,scope=city; early_anchor_in_calib=yes; th_anchor(multistart start 1) + archived 8 free params; ode_zone_seeded; R0 replay ok (4.500)
boundprofile_baseline_R04.5_s1,bound_profile_i600.csv,baseline|R0=4.5|start=1,2025-08-02,7524.0,2030.4,0.27,True,scope=city; early_anchor_in_calib=yes; th_anchor(multistart start 1) + archived 8 free params; ode_zone_seeded; R0 replay ok (4.500)
boundprofile_baseline_R04.5_s1,bound_profile_i600.csv,baseline|R0=4.5|start=1,2025-08-09,8736.0,3410.7,0.39,True,scope=city; early_anchor_in_calib=yes; th_anchor(multistart start 1) + archived 8 free params; ode_zone_seeded; R0 replay ok (4.500)
boundprofile_loose_R01.24_s1,bound_profile_i600.csv,loose|R0=1.24|start=1,2025-07-15,478.0,2396.6,5.014,True,scope=shunde; early_anchor_in_calib=yes; th_anchor(multistart start 1) + archived 8 free params; ode_zone_seeded; R0 replay ok (1.240)
boundprofile_loose_R01.24_s1,bound_profile_i600.csv,loose|R0=1.24|start=1,2025-07-18,1161.0,2653.6,2.286,True,scope=shunde; early_anchor_in_calib=yes; th_anchor(multistart start 1) + archived 8 free params; ode_zone_seeded; R0 replay ok (1.240)
boundprofile_loose_R01.24_s1,bound_profile_i600.csv,loose|R0=1.24|start=1,2025-07-19,1790.0,2746.8,1.535,True,scope=shunde; early_anchor_in_calib=yes; th_anchor(multistart start 1) + archived 8 free params; ode_zone_seeded; R0 replay ok (1.240)
boundprofile_loose_R01.24_s1,bound_profile_i600.csv,loose|R0=1.24|start=1,2025-07-20,2285.0,2842.7,1.244,True,scope=shunde; early_anchor_in_calib=yes; th_anchor(multistart start 1) + archived 8 free params; ode_zone_seeded; R0 replay ok (1.240)
boundprofile_loose_R01.24_s1,bound_profile_i600.csv,loose|R0=1.24|start=1,2025-07-21,2471.0,2940.9,1.19,True,scope=shunde; early_anchor_in_calib=yes; th_anchor(multistart start 1) + archived 8 free params; ode_zone_seeded; R0 replay ok (1.240)
boundprofile_loose_R01.24_s1,bound_profile_i600.csv,loose|R0=1.24|start=1,2025-07-26,4208.0,3453.4,0.821,True,scope=shunde; early_anchor_in_calib=yes; th_anchor(multistart start 1) + archived 8 free params; ode_zone_seeded; R0 replay ok (1.240)
boundprofile_loose_R01.24_s1,bound_profile_i600.csv,loose|R0=1.24|start=1,2025-07-19,1873.0,3863.5,2.063,True,scope=city; early_anchor_in_calib=yes; th_anchor(multistart start 1) + archived 8 free params; ode_zone_seeded; R0 replay ok (1.240)
boundprofile_loose_R01.24_s1,bound_profile_i600.csv,loose|R0=1.24|start=1,2025-07-21,2659.0,4112.3,1.547,True,scope=city; early_anchor_in_calib=yes; th_anchor(multistart start 1) + archived 8 free params; ode_zone_seeded; R0 replay ok (1.240)
boundprofile_loose_R01.24_s1,bound_profile_i600.csv,loose|R0=1.24|start=1,2025-07-22,3195.0,4240.9,1.327,True,scope=city; early_anchor_in_calib=yes; th_anchor(multistart start 1) + archived 8 free params; ode_zone_seeded; R0 replay ok (1.240)
boundprofile_loose_R01.24_s1,bound_profile_i600.csv,loose|R0=1.24|start=1,2025-07-24,4014.0,4503.7,1.122,True,scope=city; early_anchor_in_calib=yes; th_anchor(multistart start 1) + archived 8 free params; ode_zone_seeded; R0 replay ok (1.240)
boundprofile_loose_R01.24_s1,bound_profile_i600.csv,loose|R0=1.24|start=1,2025-07-26,4754.0,4770.7,1.004,True,scope=city; early_anchor_in_calib=yes; th_anchor(multistart start 1) + archived 8 free params; ode_zone_seeded; R0 replay ok (1.240)
boundprofile_loose_R01.24_s1,bound_profile_i600.csv,loose|R0=1.24|start=1,2025-08-02,7524.0,5699.1,0.757,True,scope=city; early_anchor_in_calib=yes; th_anchor(multistart start 1) + archived 8 free params; ode_zone_seeded; R0 replay ok (1.240)
boundprofile_loose_R01.24_s1,bound_profile_i600.csv,loose|R0=1.24|start=1,2025-08-09,8736.0,6566.5,0.752,True,scope=city; early_anchor_in_calib=yes; th_anchor(multistart start 1) + archived 8 free params; ode_zone_seeded; R0 replay ok (1.240)
boundprofile_loose_R02_s2,bound_profile_i600.csv,loose|R0=2|start=2,2025-07-15,478.0,3283.7,6.87,True,scope=shunde; early_anchor_in_calib=yes; th_anchor(multistart start 2) + archived 8 free params; ode_zone_seeded; R0 replay ok (2.000)
boundprofile_loose_R02_s2,bound_profile_i600.csv,loose|R0=2|start=2,2025-07-18,1161.0,3448.8,2.971,True,scope=shunde; early_anchor_in_calib=yes; th_anchor(multistart start 2) + archived 8 free params; ode_zone_seeded; R0 replay ok (2.000)
boundprofile_loose_R02_s2,bound_profile_i600.csv,loose|R0=2|start=2,2025-07-19,1790.0,3497.8,1.954,True,scope=shunde; early_anchor_in_calib=yes; th_anchor(multistart start 2) + archived 8 free params; ode_zone_seeded; R0 replay ok (2.000)
boundprofile_loose_R02_s2,bound_profile_i600.csv,loose|R0=2|start=2,2025-07-20,2285.0,3544.5,1.551,True,scope=shunde; early_anchor_in_calib=yes; th_anchor(multistart start 2) + archived 8 free params; ode_zone_seeded; R0 replay ok (2.000)
boundprofile_loose_R02_s2,bound_profile_i600.csv,loose|R0=2|start=2,2025-07-21,2471.0,3589.1,1.452,True,scope=shunde; early_anchor_in_calib=yes; th_anchor(multistart start 2) + archived 8 free params; ode_zone_seeded; R0 replay ok (2.000)
boundprofile_loose_R02_s2,bound_profile_i600.csv,loose|R0=2|start=2,2025-07-26,4208.0,3789.1,0.9,True,scope=shunde; early_anchor_in_calib=yes; th_anchor(multistart start 2) + archived 8 free params; ode_zone_seeded; R0 replay ok (2.000)
boundprofile_loose_R02_s2,bound_profile_i600.csv,loose|R0=2|start=2,2025-07-19,1873.0,4456.1,2.379,True,scope=city; early_anchor_in_calib=yes; th_anchor(multistart start 2) + archived 8 free params; ode_zone_seeded; R0 replay ok (2.000)
boundprofile_loose_R02_s2,bound_profile_i600.csv,loose|R0=2|start=2,2025-07-21,2659.0,4560.3,1.715,True,scope=city; early_anchor_in_calib=yes; th_anchor(multistart start 2) + archived 8 free params; ode_zone_seeded; R0 replay ok (2.000)
boundprofile_loose_R02_s2,bound_profile_i600.csv,loose|R0=2|start=2,2025-07-22,3195.0,4608.7,1.442,True,scope=city; early_anchor_in_calib=yes; th_anchor(multistart start 2) + archived 8 free params; ode_zone_seeded; R0 replay ok (2.000)
boundprofile_loose_R02_s2,bound_profile_i600.csv,loose|R0=2|start=2,2025-07-24,4014.0,4699.9,1.171,True,scope=city; early_anchor_in_calib=yes; th_anchor(multistart start 2) + archived 8 free params; ode_zone_seeded; R0 replay ok (2.000)
boundprofile_loose_R02_s2,bound_profile_i600.csv,loose|R0=2|start=2,2025-07-26,4754.0,4785.2,1.007,True,scope=city; early_anchor_in_calib=yes; th_anchor(multistart start 2) + archived 8 free params; ode_zone_seeded; R0 replay ok (2.000)
boundprofile_loose_R02_s2,bound_profile_i600.csv,loose|R0=2|start=2,2025-08-02,7524.0,5341.3,0.71,True,scope=city; early_anchor_in_calib=yes; th_anchor(multistart start 2) + archived 8 free params; ode_zone_seeded; R0 replay ok (2.000)
boundprofile_loose_R02_s2,bound_profile_i600.csv,loose|R0=2|start=2,2025-08-09,8736.0,6227.5,0.713,True,scope=city; early_anchor_in_calib=yes; th_anchor(multistart start 2) + archived 8 free params; ode_zone_seeded; R0 replay ok (2.000)
boundprofile_loose_R03_s1,bound_profile_i600.csv,loose|R0=3|start=1,2025-07-15,478.0,3481.7,7.284,True,scope=shunde; early_anchor_in_calib=yes; th_anchor(multistart start 1) + archived 8 free params; ode_zone_seeded; R0 replay ok (3.000)
boundprofile_loose_R03_s1,bound_profile_i600.csv,loose|R0=3|start=1,2025-07-18,1161.0,3780.1,3.256,True,scope=shunde; early_anchor_in_calib=yes; th_anchor(multistart start 1) + archived 8 free params; ode_zone_seeded; R0 replay ok (3.000)
boundprofile_loose_R03_s1,bound_profile_i600.csv,loose|R0=3|start=1,2025-07-19,1790.0,3880.0,2.168,True,scope=shunde; early_anchor_in_calib=yes; th_anchor(multistart start 1) + archived 8 free params; ode_zone_seeded; R0 replay ok (3.000)
boundprofile_loose_R03_s1,bound_profile_i600.csv,loose|R0=3|start=1,2025-07-20,2285.0,3980.3,1.742,True,scope=shunde; early_anchor_in_calib=yes; th_anchor(multistart start 1) + archived 8 free params; ode_zone_seeded; R0 replay ok (3.000)
boundprofile_loose_R03_s1,bound_profile_i600.csv,loose|R0=3|start=1,2025-07-21,2471.0,4080.9,1.652,True,scope=shunde; early_anchor_in_calib=yes; th_anchor(multistart start 1) + archived 8 free params; ode_zone_seeded; R0 replay ok (3.000)
boundprofile_loose_R03_s1,bound_profile_i600.csv,loose|R0=3|start=1,2025-07-26,4208.0,4584.8,1.09,True,scope=shunde; early_anchor_in_calib=yes; th_anchor(multistart start 1) + archived 8 free params; ode_zone_seeded; R0 replay ok (3.000)
boundprofile_loose_R03_s1,bound_profile_i600.csv,loose|R0=3|start=1,2025-07-19,1873.0,4978.0,2.658,True,scope=city; early_anchor_in_calib=yes; th_anchor(multistart start 1) + archived 8 free params; ode_zone_seeded; R0 replay ok (3.000)
boundprofile_loose_R03_s1,bound_profile_i600.csv,loose|R0=3|start=1,2025-07-21,2659.0,5232.5,1.968,True,scope=city; early_anchor_in_calib=yes; th_anchor(multistart start 1) + archived 8 free params; ode_zone_seeded; R0 replay ok (3.000)
boundprofile_loose_R03_s1,bound_profile_i600.csv,loose|R0=3|start=1,2025-07-22,3195.0,5361.2,1.678,True,scope=city; early_anchor_in_calib=yes; th_anchor(multistart start 1) + archived 8 free params; ode_zone_seeded; R0 replay ok (3.000)
boundprofile_loose_R03_s1,bound_profile_i600.csv,loose|R0=3|start=1,2025-07-24,4014.0,5620.2,1.4,True,scope=city; early_anchor_in_calib=yes; th_anchor(multistart start 1) + archived 8 free params; ode_zone_seeded; R0 replay ok (3.000)
boundprofile_loose_R03_s1,bound_profile_i600.csv,loose|R0=3|start=1,2025-07-26,4754.0,5879.4,1.237,True,scope=city; early_anchor_in_calib=yes; th_anchor(multistart start 1) + archived 8 free params; ode_zone_seeded; R0 replay ok (3.000)
boundprofile_loose_R03_s1,bound_profile_i600.csv,loose|R0=3|start=1,2025-08-02,7524.0,6759.0,0.898,True,scope=city; early_anchor_in_calib=yes; th_anchor(multistart start 1) + archived 8 free params; ode_zone_seeded; R0 replay ok (3.000)
boundprofile_loose_R03_s1,bound_profile_i600.csv,loose|R0=3|start=1,2025-08-09,8736.0,7549.0,0.864,True,scope=city; early_anchor_in_calib=yes; th_anchor(multistart start 1) + archived 8 free params; ode_zone_seeded; R0 replay ok (3.000)
boundprofile_loose_R04_s2,bound_profile_i600.csv,loose|R0=4|start=2,2025-07-15,478.0,2445.1,5.115,True,scope=shunde; early_anchor_in_calib=yes; th_anchor(multistart start 2) + archived 8 free params; ode_zone_seeded; R0 replay ok (4.000)
boundprofile_loose_R04_s2,bound_profile_i600.csv,loose|R0=4|start=2,2025-07-18,1161.0,2740.5,2.36,True,scope=shunde; early_anchor_in_calib=yes; th_anchor(multistart start 2) + archived 8 free params; ode_zone_seeded; R0 replay ok (4.000)
boundprofile_loose_R04_s2,bound_profile_i600.csv,loose|R0=4|start=2,2025-07-19,1790.0,2848.7,1.591,True,scope=shunde; early_anchor_in_calib=yes; th_anchor(multistart start 2) + archived 8 free params; ode_zone_seeded; R0 replay ok (4.000)
boundprofile_loose_R04_s2,bound_profile_i600.csv,loose|R0=4|start=2,2025-07-20,2285.0,2961.4,1.296,True,scope=shunde; early_anchor_in_calib=yes; th_anchor(multistart start 2) + archived 8 free params; ode_zone_seeded; R0 replay ok (4.000)
boundprofile_loose_R04_s2,bound_profile_i600.csv,loose|R0=4|start=2,2025-07-21,2471.0,3078.2,1.246,True,scope=shunde; early_anchor_in_calib=yes; th_anchor(multistart start 2) + archived 8 free params; ode_zone_seeded; R0 replay ok (4.000)
boundprofile_loose_R04_s2,bound_profile_i600.csv,loose|R0=4|start=2,2025-07-26,4208.0,3710.3,0.882,True,scope=shunde; early_anchor_in_calib=yes; th_anchor(multistart start 2) + archived 8 free params; ode_zone_seeded; R0 replay ok (4.000)
boundprofile_loose_R04_s2,bound_profile_i600.csv,loose|R0=4|start=2,2025-07-19,1873.0,3190.8,1.704,True,scope=city; early_anchor_in_calib=yes; th_anchor(multistart start 2) + archived 8 free params; ode_zone_seeded; R0 replay ok (4.000)
boundprofile_loose_R04_s2,bound_profile_i600.csv,loose|R0=4|start=2,2025-07-21,2659.0,3428.6,1.289,True,scope=city; early_anchor_in_calib=yes; th_anchor(multistart start 2) + archived 8 free params; ode_zone_seeded; R0 replay ok (4.000)
boundprofile_loose_R04_s2,bound_profile_i600.csv,loose|R0=4|start=2,2025-07-22,3195.0,3553.0,1.112,True,scope=city; early_anchor_in_calib=yes; th_anchor(multistart start 2) + archived 8 free params; ode_zone_seeded; R0 replay ok (4.000)
boundprofile_loose_R04_s2,bound_profile_i600.csv,loose|R0=4|start=2,2025-07-24,4014.0,3810.9,0.949,True,scope=city; early_anchor_in_calib=yes; th_anchor(multistart start 2) + archived 8 free params; ode_zone_seeded; R0 replay ok (4.000)
boundprofile_loose_R04_s2,bound_profile_i600.csv,loose|R0=4|start=2,2025-07-26,4754.0,4078.4,0.858,True,scope=city; early_anchor_in_calib=yes; th_anchor(multistart start 2) + archived 8 free params; ode_zone_seeded; R0 replay ok (4.000)
boundprofile_loose_R04_s2,bound_profile_i600.csv,loose|R0=4|start=2,2025-08-02,7524.0,5048.9,0.671,True,scope=city; early_anchor_in_calib=yes; th_anchor(multistart start 2) + archived 8 free params; ode_zone_seeded; R0 replay ok (4.000)
boundprofile_loose_R04_s2,bound_profile_i600.csv,loose|R0=4|start=2,2025-08-09,8736.0,6003.7,0.687,True,scope=city; early_anchor_in_calib=yes; th_anchor(multistart start 2) + archived 8 free params; ode_zone_seeded; R0 replay ok (4.000)
boundprofile_loose_R04.5_s0,bound_profile_i600.csv,loose|R0=4.5|start=0,2025-07-15,478.0,482.3,1.009,True,scope=shunde; early_anchor_in_calib=yes; th_anchor(multistart start 0) + archived 8 free params; ode_zone_seeded; R0 replay ok (4.500)
boundprofile_loose_R04.5_s0,bound_profile_i600.csv,loose|R0=4.5|start=0,2025-07-18,1161.0,622.7,0.536,True,scope=shunde; early_anchor_in_calib=yes; th_anchor(multistart start 0) + archived 8 free params; ode_zone_seeded; R0 replay ok (4.500)
boundprofile_loose_R04.5_s0,bound_profile_i600.csv,loose|R0=4.5|start=0,2025-07-19,1790.0,683.9,0.382,True,scope=shunde; early_anchor_in_calib=yes; th_anchor(multistart start 0) + archived 8 free params; ode_zone_seeded; R0 replay ok (4.500)
boundprofile_loose_R04.5_s0,bound_profile_i600.csv,loose|R0=4.5|start=0,2025-07-20,2285.0,751.6,0.329,True,scope=shunde; early_anchor_in_calib=yes; th_anchor(multistart start 0) + archived 8 free params; ode_zone_seeded; R0 replay ok (4.500)
boundprofile_loose_R04.5_s0,bound_profile_i600.csv,loose|R0=4.5|start=0,2025-07-21,2471.0,825.4,0.334,True,scope=shunde; early_anchor_in_calib=yes; th_anchor(multistart start 0) + archived 8 free params; ode_zone_seeded; R0 replay ok (4.500)
boundprofile_loose_R04.5_s0,bound_profile_i600.csv,loose|R0=4.5|start=0,2025-07-26,4208.0,1279.5,0.304,True,scope=shunde; early_anchor_in_calib=yes; th_anchor(multistart start 0) + archived 8 free params; ode_zone_seeded; R0 replay ok (4.500)
boundprofile_loose_R04.5_s0,bound_profile_i600.csv,loose|R0=4.5|start=0,2025-07-19,1873.0,689.8,0.368,True,scope=city; early_anchor_in_calib=yes; th_anchor(multistart start 0) + archived 8 free params; ode_zone_seeded; R0 replay ok (4.500)
boundprofile_loose_R04.5_s0,bound_profile_i600.csv,loose|R0=4.5|start=0,2025-07-21,2659.0,831.6,0.313,True,scope=city; early_anchor_in_calib=yes; th_anchor(multistart start 0) + archived 8 free params; ode_zone_seeded; R0 replay ok (4.500)
boundprofile_loose_R04.5_s0,bound_profile_i600.csv,loose|R0=4.5|start=0,2025-07-22,3195.0,911.5,0.285,True,scope=city; early_anchor_in_calib=yes; th_anchor(multistart start 0) + archived 8 free params; ode_zone_seeded; R0 replay ok (4.500)
boundprofile_loose_R04.5_s0,bound_profile_i600.csv,loose|R0=4.5|start=0,2025-07-24,4014.0,1088.3,0.271,True,scope=city; early_anchor_in_calib=yes; th_anchor(multistart start 0) + archived 8 free params; ode_zone_seeded; R0 replay ok (4.500)
boundprofile_loose_R04.5_s0,bound_profile_i600.csv,loose|R0=4.5|start=0,2025-07-26,4754.0,1286.3,0.271,True,scope=city; early_anchor_in_calib=yes; th_anchor(multistart start 0) + archived 8 free params; ode_zone_seeded; R0 replay ok (4.500)
boundprofile_loose_R04.5_s0,bound_profile_i600.csv,loose|R0=4.5|start=0,2025-08-02,7524.0,2128.9,0.283,True,scope=city; early_anchor_in_calib=yes; th_anchor(multistart start 0) + archived 8 free params; ode_zone_seeded; R0 replay ok (4.500)
boundprofile_loose_R04.5_s0,bound_profile_i600.csv,loose|R0=4.5|start=0,2025-08-09,8736.0,3163.6,0.362,True,scope=city; early_anchor_in_calib=yes; th_anchor(multistart start 0) + archived 8 free params; ode_zone_seeded; R0 replay ok (4.500)
boundprofile_loose_R05_s0,bound_profile_i600.csv,loose|R0=5|start=0,2025-07-15,478.0,708.1,1.481,True,scope=shunde; early_anchor_in_calib=yes; th_anchor(multistart start 0) + archived 8 free params; ode_zone_seeded; R0 replay ok (5.000)
boundprofile_loose_R05_s0,bound_profile_i600.csv,loose|R0=5|start=0,2025-07-18,1161.0,805.4,0.694,True,scope=shunde; early_anchor_in_calib=yes; th_anchor(multistart start 0) + archived 8 free params; ode_zone_seeded; R0 replay ok (5.000)
boundprofile_loose_R05_s0,bound_profile_i600.csv,loose|R0=5|start=0,2025-07-19,1790.0,851.4,0.476,True,scope=shunde; early_anchor_in_calib=yes; th_anchor(multistart start 0) + archived 8 free params; ode_zone_seeded; R0 replay ok (5.000)
boundprofile_loose_R05_s0,bound_profile_i600.csv,loose|R0=5|start=0,2025-07-20,2285.0,906.0,0.397,True,scope=shunde; early_anchor_in_calib=yes; th_anchor(multistart start 0) + archived 8 free params; ode_zone_seeded; R0 replay ok (5.000)
boundprofile_loose_R05_s0,bound_profile_i600.csv,loose|R0=5|start=0,2025-07-21,2471.0,968.9,0.392,True,scope=shunde; early_anchor_in_calib=yes; th_anchor(multistart start 0) + archived 8 free params; ode_zone_seeded; R0 replay ok (5.000)
boundprofile_loose_R05_s0,bound_profile_i600.csv,loose|R0=5|start=0,2025-07-26,4208.0,1386.4,0.329,True,scope=shunde; early_anchor_in_calib=yes; th_anchor(multistart start 0) + archived 8 free params; ode_zone_seeded; R0 replay ok (5.000)
boundprofile_loose_R05_s0,bound_profile_i600.csv,loose|R0=5|start=0,2025-07-19,1873.0,860.0,0.459,True,scope=city; early_anchor_in_calib=yes; th_anchor(multistart start 0) + archived 8 free params; ode_zone_seeded; R0 replay ok (5.000)
boundprofile_loose_R05_s0,bound_profile_i600.csv,loose|R0=5|start=0,2025-07-21,2659.0,978.7,0.368,True,scope=city; early_anchor_in_calib=yes; th_anchor(multistart start 0) + archived 8 free params; ode_zone_seeded; R0 replay ok (5.000)
boundprofile_loose_R05_s0,bound_profile_i600.csv,loose|R0=5|start=0,2025-07-22,3195.0,1050.2,0.329,True,scope=city; early_anchor_in_calib=yes; th_anchor(multistart start 0) + archived 8 free params; ode_zone_seeded; R0 replay ok (5.000)
boundprofile_loose_R05_s0,bound_profile_i600.csv,loose|R0=5|start=0,2025-07-24,4014.0,1214.1,0.302,True,scope=city; early_anchor_in_calib=yes; th_anchor(multistart start 0) + archived 8 free params; ode_zone_seeded; R0 replay ok (5.000)
boundprofile_loose_R05_s0,bound_profile_i600.csv,loose|R0=5|start=0,2025-07-26,4754.0,1402.2,0.295,True,scope=city; early_anchor_in_calib=yes; th_anchor(multistart start 0) + archived 8 free params; ode_zone_seeded; R0 replay ok (5.000)
boundprofile_loose_R05_s0,bound_profile_i600.csv,loose|R0=5|start=0,2025-08-02,7524.0,2203.6,0.293,True,scope=city; early_anchor_in_calib=yes; th_anchor(multistart start 0) + archived 8 free params; ode_zone_seeded; R0 replay ok (5.000)
boundprofile_loose_R05_s0,bound_profile_i600.csv,loose|R0=5|start=0,2025-08-09,8736.0,3162.5,0.362,True,scope=city; early_anchor_in_calib=yes; th_anchor(multistart start 0) + archived 8 free params; ode_zone_seeded; R0 replay ok (5.000)
boundprofile_loose_R06_s1,bound_profile_i600.csv,loose|R0=6|start=1,2025-07-15,478.0,584.0,1.222,True,scope=shunde; early_anchor_in_calib=yes; th_anchor(multistart start 1) + archived 8 free params; ode_zone_seeded; R0 replay ok (6.000)
boundprofile_loose_R06_s1,bound_profile_i600.csv,loose|R0=6|start=1,2025-07-18,1161.0,669.0,0.576,True,scope=shunde; early_anchor_in_calib=yes; th_anchor(multistart start 1) + archived 8 free params; ode_zone_seeded; R0 replay ok (6.000)
boundprofile_loose_R06_s1,bound_profile_i600.csv,loose|R0=6|start=1,2025-07-19,1790.0,698.4,0.39,True,scope=shunde; early_anchor_in_calib=yes; th_anchor(multistart start 1) + archived 8 free params; ode_zone_seeded; R0 replay ok (6.000)
boundprofile_loose_R06_s1,bound_profile_i600.csv,loose|R0=6|start=1,2025-07-20,2285.0,729.1,0.319,True,scope=shunde; early_anchor_in_calib=yes; th_anchor(multistart start 1) + archived 8 free params; ode_zone_seeded; R0 replay ok (6.000)
boundprofile_loose_R06_s1,bound_profile_i600.csv,loose|R0=6|start=1,2025-07-21,2471.0,762.6,0.309,True,scope=shunde; early_anchor_in_calib=yes; th_anchor(multistart start 1) + archived 8 free params; ode_zone_seeded; R0 replay ok (6.000)
boundprofile_loose_R06_s1,bound_profile_i600.csv,loose|R0=6|start=1,2025-07-26,4208.0,1002.3,0.238,True,scope=shunde; early_anchor_in_calib=yes; th_anchor(multistart start 1) + archived 8 free params; ode_zone_seeded; R0 replay ok (6.000)
boundprofile_loose_R06_s1,bound_profile_i600.csv,loose|R0=6|start=1,2025-07-19,1873.0,724.5,0.387,True,scope=city; early_anchor_in_calib=yes; th_anchor(multistart start 1) + archived 8 free params; ode_zone_seeded; R0 replay ok (6.000)
boundprofile_loose_R06_s1,bound_profile_i600.csv,loose|R0=6|start=1,2025-07-21,2659.0,789.9,0.297,True,scope=city; early_anchor_in_calib=yes; th_anchor(multistart start 1) + archived 8 free params; ode_zone_seeded; R0 replay ok (6.000)
boundprofile_loose_R06_s1,bound_profile_i600.csv,loose|R0=6|start=1,2025-07-22,3195.0,828.7,0.259,True,scope=city; early_anchor_in_calib=yes; th_anchor(multistart start 1) + archived 8 free params; ode_zone_seeded; R0 replay ok (6.000)
boundprofile_loose_R06_s1,bound_profile_i600.csv,loose|R0=6|start=1,2025-07-24,4014.0,921.4,0.23,True,scope=city; early_anchor_in_calib=yes; th_anchor(multistart start 1) + archived 8 free params; ode_zone_seeded; R0 replay ok (6.000)
boundprofile_loose_R06_s1,bound_profile_i600.csv,loose|R0=6|start=1,2025-07-26,4754.0,1032.8,0.217,True,scope=city; early_anchor_in_calib=yes; th_anchor(multistart start 1) + archived 8 free params; ode_zone_seeded; R0 replay ok (6.000)
boundprofile_loose_R06_s1,bound_profile_i600.csv,loose|R0=6|start=1,2025-08-02,7524.0,1533.1,0.204,True,scope=city; early_anchor_in_calib=yes; th_anchor(multistart start 1) + archived 8 free params; ode_zone_seeded; R0 replay ok (6.000)
boundprofile_loose_R06_s1,bound_profile_i600.csv,loose|R0=6|start=1,2025-08-09,8736.0,2153.0,0.246,True,scope=city; early_anchor_in_calib=yes; th_anchor(multistart start 1) + archived 8 free params; ode_zone_seeded; R0 replay ok (6.000)
fullfree_R01.24_s1,fullfree_r0_i1500.csv,R0=1.24|start=1,2025-07-15,478.0,1740.2,3.641,True,scope=shunde; early_anchor_in_calib=yes; 12 free params from archive; beta_scale stored at 4 d.p.; ode_zone_seeded; R0 replay ok (1.240)
fullfree_R01.24_s1,fullfree_r0_i1500.csv,R0=1.24|start=1,2025-07-18,1161.0,1886.0,1.624,True,scope=shunde; early_anchor_in_calib=yes; 12 free params from archive; beta_scale stored at 4 d.p.; ode_zone_seeded; R0 replay ok (1.240)
fullfree_R01.24_s1,fullfree_r0_i1500.csv,R0=1.24|start=1,2025-07-19,1790.0,1935.0,1.081,True,scope=shunde; early_anchor_in_calib=yes; 12 free params from archive; beta_scale stored at 4 d.p.; ode_zone_seeded; R0 replay ok (1.240)
fullfree_R01.24_s1,fullfree_r0_i1500.csv,R0=1.24|start=1,2025-07-20,2285.0,1986.1,0.869,True,scope=shunde; early_anchor_in_calib=yes; 12 free params from archive; beta_scale stored at 4 d.p.; ode_zone_seeded; R0 replay ok (1.240)
fullfree_R01.24_s1,fullfree_r0_i1500.csv,R0=1.24|start=1,2025-07-21,2471.0,2040.8,0.826,True,scope=shunde; early_anchor_in_calib=yes; 12 free params from archive; beta_scale stored at 4 d.p.; ode_zone_seeded; R0 replay ok (1.240)
fullfree_R01.24_s1,fullfree_r0_i1500.csv,R0=1.24|start=1,2025-07-26,4208.0,2365.0,0.562,True,scope=shunde; early_anchor_in_calib=yes; 12 free params from archive; beta_scale stored at 4 d.p.; ode_zone_seeded; R0 replay ok (1.240)
fullfree_R01.24_s1,fullfree_r0_i1500.csv,R0=1.24|start=1,2025-07-19,1873.0,3191.1,1.704,True,scope=city; early_anchor_in_calib=yes; 12 free params from archive; beta_scale stored at 4 d.p.; ode_zone_seeded; R0 replay ok (1.240)
fullfree_R01.24_s1,fullfree_r0_i1500.csv,R0=1.24|start=1,2025-07-21,2659.0,3345.3,1.258,True,scope=city; early_anchor_in_calib=yes; 12 free params from archive; beta_scale stored at 4 d.p.; ode_zone_seeded; R0 replay ok (1.240)
fullfree_R01.24_s1,fullfree_r0_i1500.csv,R0=1.24|start=1,2025-07-22,3195.0,3429.0,1.073,True,scope=city; early_anchor_in_calib=yes; 12 free params from archive; beta_scale stored at 4 d.p.; ode_zone_seeded; R0 replay ok (1.240)
fullfree_R01.24_s1,fullfree_r0_i1500.csv,R0=1.24|start=1,2025-07-24,4014.0,3613.0,0.9,True,scope=city; early_anchor_in_calib=yes; 12 free params from archive; beta_scale stored at 4 d.p.; ode_zone_seeded; R0 replay ok (1.240)
fullfree_R01.24_s1,fullfree_r0_i1500.csv,R0=1.24|start=1,2025-07-26,4754.0,3816.1,0.803,True,scope=city; early_anchor_in_calib=yes; 12 free params from archive; beta_scale stored at 4 d.p.; ode_zone_seeded; R0 replay ok (1.240)
fullfree_R01.24_s1,fullfree_r0_i1500.csv,R0=1.24|start=1,2025-08-02,7524.0,4604.4,0.612,True,scope=city; early_anchor_in_calib=yes; 12 free params from archive; beta_scale stored at 4 d.p.; ode_zone_seeded; R0 replay ok (1.240)
fullfree_R01.24_s1,fullfree_r0_i1500.csv,R0=1.24|start=1,2025-08-09,8736.0,5412.9,0.62,True,scope=city; early_anchor_in_calib=yes; 12 free params from archive; beta_scale stored at 4 d.p.; ode_zone_seeded; R0 replay ok (1.240)
fullfree_R07.28_s0,fullfree_r0_i1500.csv,R0=7.28|start=0,2025-07-15,478.0,599.0,1.253,True,scope=shunde; early_anchor_in_calib=yes; 12 free params from archive; beta_scale stored at 4 d.p.; ode_zone_seeded; R0 replay ok (7.280)
fullfree_R07.28_s0,fullfree_r0_i1500.csv,R0=7.28|start=0,2025-07-18,1161.0,741.5,0.639,True,scope=shunde; early_anchor_in_calib=yes; 12 free params from archive; beta_scale stored at 4 d.p.; ode_zone_seeded; R0 replay ok (7.280)
fullfree_R07.28_s0,fullfree_r0_i1500.csv,R0=7.28|start=0,2025-07-19,1790.0,803.9,0.449,True,scope=shunde; early_anchor_in_calib=yes; 12 free params from archive; beta_scale stored at 4 d.p.; ode_zone_seeded; R0 replay ok (7.280)
fullfree_R07.28_s0,fullfree_r0_i1500.csv,R0=7.28|start=0,2025-07-20,2285.0,873.4,0.382,True,scope=shunde; early_anchor_in_calib=yes; 12 free params from archive; beta_scale stored at 4 d.p.; ode_zone_seeded; R0 replay ok (7.280)
fullfree_R07.28_s0,fullfree_r0_i1500.csv,R0=7.28|start=0,2025-07-21,2471.0,949.6,0.384,True,scope=shunde; early_anchor_in_calib=yes; 12 free params from archive; beta_scale stored at 4 d.p.; ode_zone_seeded; R0 replay ok (7.280)
fullfree_R07.28_s0,fullfree_r0_i1500.csv,R0=7.28|start=0,2025-07-26,4208.0,1418.4,0.337,True,scope=shunde; early_anchor_in_calib=yes; 12 free params from archive; beta_scale stored at 4 d.p.; ode_zone_seeded; R0 replay ok (7.280)
fullfree_R07.28_s0,fullfree_r0_i1500.csv,R0=7.28|start=0,2025-07-19,1873.0,804.0,0.429,True,scope=city; early_anchor_in_calib=yes; 12 free params from archive; beta_scale stored at 4 d.p.; ode_zone_seeded; R0 replay ok (7.280)
fullfree_R07.28_s0,fullfree_r0_i1500.csv,R0=7.28|start=0,2025-07-21,2659.0,949.7,0.357,True,scope=city; early_anchor_in_calib=yes; 12 free params from archive; beta_scale stored at 4 d.p.; ode_zone_seeded; R0 replay ok (7.280)
fullfree_R07.28_s0,fullfree_r0_i1500.csv,R0=7.28|start=0,2025-07-22,3195.0,1032.1,0.323,True,scope=city; early_anchor_in_calib=yes; 12 free params from archive; beta_scale stored at 4 d.p.; ode_zone_seeded; R0 replay ok (7.280)
fullfree_R07.28_s0,fullfree_r0_i1500.csv,R0=7.28|start=0,2025-07-24,4014.0,1214.6,0.303,True,scope=city; early_anchor_in_calib=yes; 12 free params from archive; beta_scale stored at 4 d.p.; ode_zone_seeded; R0 replay ok (7.280)
fullfree_R07.28_s0,fullfree_r0_i1500.csv,R0=7.28|start=0,2025-07-26,4754.0,1418.5,0.298,True,scope=city; early_anchor_in_calib=yes; 12 free params from archive; beta_scale stored at 4 d.p.; ode_zone_seeded; R0 replay ok (7.280)
fullfree_R07.28_s0,fullfree_r0_i1500.csv,R0=7.28|start=0,2025-08-02,7524.0,2272.7,0.302,True,scope=city; early_anchor_in_calib=yes; 12 free params from archive; beta_scale stored at 4 d.p.; ode_zone_seeded; R0 replay ok (7.280)
fullfree_R07.28_s0,fullfree_r0_i1500.csv,R0=7.28|start=0,2025-08-09,8736.0,3292.9,0.377,True,scope=city; early_anchor_in_calib=yes; 12 free params from archive; beta_scale stored at 4 d.p.; ode_zone_seeded; R0 replay ok (7.280)
