R0_target,start,R0_check,loss_total,loss_post,loss_early,pred_repA_0715,growth_rate,doubling_days,cpa,cpb,s_min,r_base,r_off,esc_off,stag_b,seed,rep_none,rep_actual,rep_early,rep_late,rep_rule,rep_none_x,rep_early_x,rep_late_x,rep_rule_x,tru_none,tru_actual,tru_early,tru_late,tru_rule,tru_none_x,tru_early_x,tru_late_x,tru_rule_x,peak_none,peak_actual,peak_early,peak_late,peak_rule,peak_none_x,peak_early_x,peak_late_x,peak_rule_x
1.24,0,1.24,0.8311,0.7616,0.0695,604.0,0.0019,370.94,0.8681,0.241,0.6485,0.8718,8.8212,12.6079,1.5972,0.0001,31853,14175,10441,22322,8673,2.247,0.737,1.575,0.612,36538,14305,10514,22514,8689,2.554,0.735,1.574,0.607,548,164,131,274,120,3.334,0.799,1.669,0.73
1.24,1,1.24,0.2079,0.2078,0.0001,481.5,0.0014,488.59,0.5,0.1996,0.6194,0.2122,12.4668,8.8596,2.047,0.0004,20178,11858,9310,15649,8134,1.702,0.785,1.32,0.686,95101,14543,10884,19539,8573,6.539,0.748,1.344,0.59,1551,126,109,146,109,12.357,0.869,1.166,0.87
1.24,2,1.24,1.0187,0.5453,0.4734,149.1,0.0008,886.66,0.5715,0.5504,0.9036,0.1162,15.6704,6.2792,2.3866,0.0002,5922,15314,12387,21496,11221,0.387,0.809,1.404,0.733,50983,17288,13708,24214,11981,2.949,0.793,1.401,0.693,824,132,117,222,120,6.243,0.887,1.68,0.912
1.5,0,1.5,0.8488,0.7929,0.0558,591.0,0.0144,47.99,0.8653,0.3308,0.4435,0.8651,9.0487,12.6848,2.1089,0.0,175882,14162,8629,25928,5453,12.419,0.609,1.831,0.385,203314,14295,8696,26148,5463,14.223,0.608,1.829,0.382,3858,163,107,320,75,23.648,0.658,1.958,0.459
1.5,1,1.5,0.729,0.6846,0.0444,377.3,0.0139,49.95,0.5,0.3104,0.6142,0.2705,11.8942,9.0694,2.0684,0.0002,86799,18019,11870,30496,8279,4.817,0.659,1.692,0.459,320908,19532,12680,32958,8494,16.43,0.649,1.687,0.435,6545,172,99,351,67,38.158,0.575,2.045,0.39
1.5,2,1.5,3.1897,2.5012,0.6884,81.4,0.0133,52.09,0.3198,0.2458,0.8509,0.1002,15.085,7.0918,2.9405,0.0001,18763,34941,26442,49961,22159,0.537,0.757,1.43,0.634,187213,36103,27109,51804,22448,5.186,0.751,1.435,0.622,4006,619,458,930,374,6.47,0.739,1.502,0.603
2.0,0,2.0,0.8599,0.8259,0.034,566.2,0.0384,18.06,0.8263,0.2356,0.2857,0.8582,8.9775,12.3733,2.0551,0.0,2070877,15050,6651,40089,2654,137.597,0.442,2.664,0.176,2412935,15179,6704,40365,2660,158.961,0.442,2.659,0.175,49014,165,76,461,34,297.47,0.462,2.801,0.206
2.0,1,2.0,3.1885,2.7178,0.4707,150.1,0.0378,18.35,0.5,0.3281,0.5818,0.3453,12.0479,8.8276,1.9787,0.0,588839,34577,17356,74165,8989,17.03,0.502,2.145,0.26,1705399,34991,17536,75037,9031,48.738,0.501,2.144,0.258,40653,574,275,1301,136,70.826,0.48,2.267,0.237
2.0,2,2.0,0.6328,0.6324,0.0003,469.6,0.0374,18.56,0.9486,0.05,0.2015,0.9,24.1022,5.4937,6.5018,0.0,1641227,14059,6154,37736,2628,116.741,0.438,2.684,0.187,1823586,14248,6243,38140,2662,127.988,0.438,2.677,0.187,34092,183,87,523,40,186.384,0.474,2.859,0.22
3.0,0,3.0,1.8802,1.7927,0.0875,336.6,0.0847,8.19,0.6755,0.3122,0.2213,0.8628,11.294,12.0875,1.8691,0.0,5454546,23391,5836,107795,1399,233.195,0.249,4.608,0.06,6321609,23460,5854,108055,1401,269.458,0.25,4.606,0.06,96312,263,58,1439,12,365.931,0.221,5.469,0.046
3.0,1,3.0,6.9515,5.9693,0.9822,4.3,0.0868,7.98,0.5,0.05,0.3468,0.0504,25.0,24.0,6.8,0.0,205356,40187,12202,143440,3779,5.11,0.304,3.569,0.094,4071978,40387,12256,144201,3791,100.824,0.303,3.57,0.094,102997,832,247,3062,75,123.853,0.297,3.682,0.09
3.0,2,3.0,1.9957,1.5658,0.4299,164.6,0.0864,8.02,0.821,0.3291,0.2213,0.8249,16.658,7.454,2.8094,0.0,2852378,19078,4422,96492,1091,149.512,0.232,5.058,0.057,3457898,19153,4442,96779,1095,180.545,0.232,5.053,0.057,71142,191,40,1047,11,371.923,0.208,5.472,0.056
4.0,0,4.0,88.8302,88.8287,0.0015,496.3,0.1264,5.48,0.5198,0.0704,0.2001,0.9,24.9118,6.3131,0.7908,0.0,7427900,192290,36970,898409,7948,38.629,0.192,4.672,0.041,8253314,192490,37001,899737,7953,42.877,0.192,4.674,0.041,180054,3856,738,17301,157,46.698,0.191,4.487,0.041
4.0,1,4.0,11.3027,10.3462,0.9565,10.5,0.1242,5.58,0.5,0.05,0.2002,0.05,24.441,9.7695,6.7999,0.0,380685,86383,16090,436044,3119,4.407,0.186,5.048,0.036,7613698,86995,16189,440074,3133,87.519,0.186,5.059,0.036,138668,1783,327,8989,63,77.761,0.184,5.041,0.035
4.0,2,4.0,38.4674,37.5392,0.9282,17.5,0.1276,5.43,0.4246,0.8526,0.2,0.05,19.0269,15.4229,2.2449,0.0,211069,161905,38258,684740,8261,1.304,0.236,4.229,0.051,4221374,162490,38351,688582,8275,25.979,0.236,4.238,0.051,132025,3514,826,14381,177,37.574,0.235,4.093,0.051
5.0,0,5.0,23043.6598,23043.1964,0.4634,803.4,0.1597,4.34,0.5602,0.0579,0.2007,0.2926,4.1291,12.4689,1.1234,0.0,2419509,2163632,666091,3735263,126048,1.118,0.308,1.726,0.058,8269184,2164308,666161,3742220,126052,3.821,0.308,1.729,0.058,191773,40763,15165,44805,2866,4.705,0.372,1.099,0.07
5.0,1,5.0,4446.2201,4446.0534,0.1667,282.8,0.1578,4.39,0.5,0.95,0.2,0.05,3.0,5.2,6.7903,0.0,407908,1212407,290065,2762973,47409,0.336,0.239,2.279,0.039,8158161,1212722,290098,2766164,47410,6.727,0.239,2.281,0.039,191730,26438,6673,42565,1079,7.252,0.252,1.61,0.041
5.0,2,5.0,40685.0069,40684.1705,0.8364,40.8,0.1616,4.29,0.05,0.2365,0.2,0.05,17.0558,5.2524,1.1563,0.0,363217,2636999,1998346,3015539,1249019,0.138,0.758,1.144,0.474,7264332,2638325,1998479,3029679,1249033,2.753,0.757,1.148,0.473,135305,55305,50296,59532,34830,2.447,0.909,1.076,0.63
6.0,0,6.0,266441.5176,266409.0027,32.5149,3203.6,0.1899,3.65,0.5177,0.5388,0.2,0.8999,4.2237,11.2954,0.4845,0.0,7441136,3913697,2829973,5340713,1277878,1.901,0.723,1.365,0.327,8269216,3913903,2829987,5343992,1277878,2.113,0.723,1.365,0.326,222811,56200,53861,76116,32731,3.965,0.958,1.354,0.582
6.0,1,6.0,202751.3544,202750.6094,0.745,65.4,0.1883,3.68,0.5,0.9498,0.2002,0.05,25.0,23.9697,0.2,0.0,413081,3812997,2233748,5654977,818275,0.108,0.586,1.483,0.215,8259382,3818236,2234095,5738767,818297,2.163,0.585,1.503,0.214,194869,61280,45405,84381,21060,3.18,0.741,1.377,0.344
6.0,2,6.0,86318.4429,86317.8479,0.595,109.3,0.1918,3.61,0.5588,0.0679,0.2,0.05,17.0536,5.2158,5.1861,0.0,408372,2393657,1536491,2889345,545809,0.171,0.642,1.207,0.228,8167434,2399434,1536864,2983538,545835,3.404,0.641,1.243,0.227,140126,35450,31264,43625,13688,3.953,0.882,1.231,0.386
7.28,0,7.28,2159406.9251,2159056.0703,350.8548,9431.5,0.2252,3.08,0.944,0.5191,0.2007,0.8985,3.4391,12.4276,1.4503,0.0,7429883,6423854,4591279,7509703,2727408,1.157,0.715,1.169,0.425,8269239,6424320,4591299,7521896,2727408,1.287,0.715,1.171,0.425,222034,181486,102850,252610,32755,1.223,0.567,1.392,0.18
7.28,1,7.28,964634.4243,964581.1605,53.2638,3966.5,0.224,3.09,0.5,0.95,0.2,0.9,3.3561,5.2,6.7915,0.0,7442074,5305506,3731442,6994615,2463333,1.403,0.703,1.318,0.464,8268988,5305682,3731449,6999271,2463333,1.559,0.703,1.319,0.464,248976,79914,69294,140087,54385,3.116,0.867,1.753,0.681
7.28,2,7.28,595230.716,595230.5561,0.1599,286.9,0.2273,3.05,0.05,0.0501,0.2,0.05,16.4084,5.2,1.429,0.0,412887,3729380,3521043,4022148,3400210,0.111,0.944,1.079,0.912,8257739,3740197,3521473,4290776,3400229,2.208,0.942,1.147,0.909,160292,75838,61385,64748,67718,2.114,0.809,0.854,0.893
8.5,0,8.5,3214314.8371,3211988.5803,2326.2567,23532.6,0.2558,2.71,0.9217,0.5893,0.2012,0.8677,5.8748,11.4152,0.325,0.0,7174884,7495370,6325764,7901337,3915531,0.957,0.844,1.054,0.522,8269244,7497455,6325823,7978418,3915532,1.103,0.844,1.064,0.522,235070,214900,137104,253287,53514,1.094,0.638,1.179,0.249
8.5,1,8.5,1455815.0987,1455815.0974,0.0013,495.1,0.2553,2.71,0.5,0.4675,0.2,0.05,24.9998,24.0,0.2,0.0,413460,6286672,5120817,5789929,3773003,0.066,0.815,0.921,0.6,8269201,6357834,5122659,7227635,3773051,1.301,0.806,1.137,0.593,209310,89091,61707,115075,73228,2.349,0.693,1.292,0.822
8.5,2,8.5,918863.1355,918862.8142,0.3214,749.0,0.2583,2.68,0.05,0.4787,0.2,0.05,21.2692,5.2,4.1843,0.0,413158,3843341,3562071,3642870,3482466,0.107,0.927,0.948,0.906,8263168,3903179,3563596,4840483,3482513,2.117,0.913,1.24,0.892,192721,75954,88790,74455,62666,2.537,1.169,0.98,0.825
10.0,0,10.0,4877806.0012,4854707.3368,23098.6645,73125.6,0.29,2.39,0.9105,0.5247,0.2008,0.8997,4.9509,11.3248,0.4969,0.0,7440069,8070641,7796632,8041401,6537135,0.922,0.966,0.996,0.81,8269242,8074358,7796696,8198037,6537136,1.024,0.966,1.015,0.81,259108,255290,180699,186164,89507,1.015,0.708,0.729,0.351
10.0,1,10.0,3139234.4979,3139230.018,4.4798,1489.7,0.2903,2.39,0.5,0.05,0.2,0.05,25.0,24.0,6.8,0.0,413462,7709042,7783206,5373321,7275455,0.054,1.01,0.697,0.944,8269241,7984997,7787898,8105696,7275530,1.036,0.975,1.015,0.911,230680,131767,106673,116041,127014,1.751,0.81,0.881,0.964
10.0,2,10.0,1326677.9087,1326663.3873,14.5214,2299.5,0.2925,2.37,0.0706,0.523,0.2,0.05,13.3322,6.017,0.3202,0.0,413415,4939534,4050483,4348403,3571931,0.084,0.82,0.88,0.723,8268300,5009185,4051602,6034812,3571952,1.651,0.809,1.205,0.713,207208,83426,86694,119765,100257,2.484,1.039,1.436,1.202
12.0,0,12.0,8815647.2514,8656826.7071,158820.5443,190972.0,-0.0204,,0.95,0.0509,0.2,0.05,23.128,5.3026,0.2,0.01,413427,502602,2047572,422555,5571503,0.823,4.074,0.841,11.085,8268531,8267015,8266758,8268511,8263360,1.0,1.0,1.0,1.0,434209,434209,320940,434209,280745,1.0,0.739,1.0,0.647
12.0,1,12.0,4924325.1356,4924203.7658,121.3698,5744.0,0.3311,2.09,0.5,0.05,0.2,0.05,25.0,24.0,6.8,0.0,413462,7148232,8120111,4185336,8022824,0.058,1.136,0.586,1.122,8269243,8194887,8135297,8225846,8022956,1.009,0.993,1.004,0.979,254305,156259,110032,242577,110730,1.627,0.704,1.552,0.709
12.0,2,12.0,2839166.0888,2834141.618,5024.4708,34360.3,0.3305,2.1,0.95,0.05,0.2,0.05,8.6802,18.5188,1.5356,0.0,413458,7485960,7326620,5362387,6608286,0.055,0.979,0.716,0.883,8269163,7621756,7327868,7823998,6608297,1.085,0.961,1.027,0.867,211882,233277,208352,211867,136988,0.908,0.893,0.908,0.587
16.3,0,16.3,8826644.7004,8663947.366,162697.3344,193282.9,-0.072,,0.95,0.0503,0.2,0.05,21.5525,5.2,6.7999,0.01,413415,457099,1174473,419245,5186241,0.904,2.569,0.917,11.346,8268309,8268305,8273241,8268309,8268178,1.0,1.001,1.0,1.0,501056,501056,487472,501056,327795,1.0,0.973,1.0,0.654
16.3,1,16.3,8441820.9756,8431011.2844,10809.6911,50175.5,0.3748,1.85,0.5,0.95,0.2,0.05,25.0,24.0,0.2,0.0,413461,5134925,8104188,1824317,7812513,0.081,1.578,0.355,1.521,8269228,8270758,8246752,8272074,7812921,1.0,0.997,1.0,0.945,303698,363373,359486,289623,242919,0.836,0.989,0.797,0.669
16.3,2,16.3,4775100.5027,4750412.8627,24687.64,75582.8,0.3515,1.97,0.9214,0.4564,0.2,0.05,9.5386,5.2144,0.5988,0.0,413462,6310517,7450270,4448802,6908829,0.066,1.181,0.705,1.095,8269239,7755826,7466952,8018909,6908882,1.066,0.963,1.034,0.891,239571,246892,233424,239571,153880,0.97,0.945,0.97,0.623
